KEY,FREQ,REF_AREA,ADJUSTMENT,ICP_ITEM,STS_INSTITUTION,ICP_SUFFIX,TIME_PERIOD,OBS_VALUE,OBS_STATUS,OBS_CONF,OBS_PRE_BREAK,OBS_COM,TIME_FORMAT,BREAKS,COLLECTION,COMPILING_ORG,DATA_COMP,DISS_ORG,DOM_SER_IDS,PUBL_ECB,PUBL_MU,PUBL_PUBLIC,UNIT_INDEX_BASE,COMPILATION,COVERAGE,DECIMALS,SOURCE_AGENCY,TITLE,TITLE_COMPL,UNIT,UNIT_MULT
ICP.M.DK.N.000000.4.ANR,M,DK,N,000000,4,ANR,1996-01,1.4,A,F,,ECB estimate,P1M,,A,,,,ICPT.M.VAL.HICP.RCH_A.DK.00.M,,,,,,,1,,HICP - Overall index,"Denmark - HICP - Overall index, Annual rate of change, Eurostat, Neither seasonally nor working day adjusted",PCCH,0
ICP.M.DK.N.000000.4.ANR,M,DK,N,000000,4,ANR,1996-02,1.6,A,F,,ECB estimate,P1M,,A,,,,ICPT.M.VAL.HICP.RCH_A.DK.00.M,,,,,,,1,,HICP - Overall index,"Denmark - HICP - Overall index, Annual rate of change, Eurostat, Neither seasonally nor working day adjusted",PCCH,0
ICP.M.DK.N.000000.4.ANR,M,DK,N,000000,4,ANR,1996-03,2,A,F,,ECB estimate,P1M,,A,,,,ICPT.M.VAL.HICP.RCH_A.DK.00.M,,,,,,,1,,HICP - Overall index,"Denmark - HICP - Overall index, Annual rate of change, Eurostat, Neither seasonally nor working day adjusted",PCCH,0
ICP.M.DK.N.000000.4.ANR,M,DK,N,000000,4,ANR,1996-04,2,A,F,,ECB estimate,P1M,,A,,,,ICPT.M.VAL.HICP.RCH_A.DK.00.M,,,,,,,1,,HICP - Overall index,"Denmark - HICP - Overall index, Annual rate of change, Eurostat, Neither seasonally nor working day adjusted",PCCH,0
ICP.M.DK.N.000000.4.ANR,M,DK,N,000000,4,ANR,1996-05,1.8,A,F,,ECB estimate,P1M,,A,,,,ICPT.M.VAL.HICP.RCH_A.DK.00.M,,,,,,,1,,HICP - Overall index,"Denmark - HICP - Overall index, Annual rate of change, Eurostat, Neither seasonally nor working day adjusted",PCCH,0
ICP.M.DK.N.000000.4.ANR,M,DK,N,000000,4,ANR,1996-06,2,A,F,,ECB estimate,P1M,,A,,,,ICPT.M.VAL.HICP.RCH_A.DK.00.M,,,,,,,1,,HICP - Overall index,"Denmark - HICP - Overall index, Annual rate of change, Eurostat, Neither seasonally nor working day adjusted",PCCH,0
ICP.M.DK.N.000000.4.ANR,M,DK,N,000000,4,ANR,1996-07,2.3,A,F,,ECB estimate,P1M,,A,,,,ICPT.M.VAL.HICP.RCH_A.DK.00.M,,,,,,,1,,HICP - Overall index,"Denmark - HICP - Overall index, Annual rate of change, Eurostat, Neither seasonally nor working day adjusted",PCCH,0
ICP.M.DK.N.000000.4.ANR,M,DK,N,000000,4,ANR,1996-08,2.3,A,F,,ECB estimate,P1M,,A,,,,ICPT.M.VAL.HICP.RCH_A.DK.00.M,,,,,,,1,,HICP - Overall index,"Denmark - HICP - Overall index, Annual rate of change, Eurostat, Neither seasonally nor working day adjusted",PCCH,0
ICP.M.DK.N.000000.4.ANR,M,DK,N,000000,4,ANR,1996-09,2.3,A,F,,ECB estimate,P1M,,A,,,,ICPT.M.VAL.HICP.RCH_A.DK.00.M,,,,,,,1,,HICP - Overall index,"Denmark - HICP - Overall index, Annual rate of change, Eurostat, Neither seasonally nor working day adjusted",PCCH,0
ICP.M.DK.N.000000.4.ANR,M,DK,N,000000,4,ANR,1996-10,2.4,A,F,,ECB estimate,P1M,,A,,,,ICPT.M.VAL.HICP.RCH_A.DK.00.M,,,,,,,1,,HICP - Overall index,"Denmark - HICP - Overall index, Annual rate of change, Eurostat, Neither seasonally nor working day adjusted",PCCH,0
ICP.M.DK.N.000000.4.ANR,M,DK,N,000000,4,ANR,1996-11,2.4,A,F,,ECB estimate,P1M,,A,,,,ICPT.M.VAL.HICP.RCH_A.DK.00.M,,,,,,,1,,HICP - Overall index,"Denmark - HICP - Overall index, Annual rate of change, Eurostat, Neither seasonally nor working day adjusted",PCCH,0
ICP.M.DK.N.000000.4.ANR,M,DK,N,000000,4,ANR,1996-12,2.3,A,F,,ECB estimate,P1M,,A,,,,ICPT.M.VAL.HICP.RCH_A.DK.00.M,,,,,,,1,,HICP - Overall index,"Denmark - HICP - Overall index, Annual rate of change, Eurostat, Neither seasonally nor working day adjusted",PCCH,0
ICP.M.DK.N.000000.4.ANR,M,DK,N,000000,4,ANR,1997-01,2.4,A,F,,,P1M,,A,,,,ICPT.M.VAL.HICP.RCH_A.DK.00.M,,,,,,,1,,HICP - Overall index,"Denmark - HICP - Overall index, Annual rate of change, Eurostat, Neither seasonally nor working day adjusted",PCCH,0
ICP.M.DK.N.000000.4.ANR,M,DK,N,000000,4,ANR,1997-02,2.1,A,F,,,P1M,,A,,,,ICPT.M.VAL.HICP.RCH_A.DK.00.M,,,,,,,1,,HICP - Overall index,"Denmark - HICP - Overall index, Annual rate of change, Eurostat, Neither seasonally nor working day adjusted",PCCH,0
ICP.M.DK.N.000000.4.ANR,M,DK,N,000000,4,ANR,1997-03,1.8,A,F,,,P1M,,A,,,,ICPT.M.VAL.HICP.RCH_A.DK.00.M,,,,,,,1,,HICP - Overall index,"Denmark - HICP - Overall index, Annual rate of change, Eurostat, Neither seasonally nor working day adjusted",PCCH,0
ICP.M.DK.N.000000.4.ANR,M,DK,N,000000,4,ANR,1997-04,1.7,A,F,,,P1M,,A,,,,ICPT.M.VAL.HICP.RCH_A.DK.00.M,,,,,,,1,,HICP - Overall index,"Denmark - HICP - Overall index, Annual rate of change, Eurostat, Neither seasonally nor working day adjusted",PCCH,0
ICP.M.DK.N.000000.4.ANR,M,DK,N,000000,4,ANR,1997-05,2.1,A,F,,,P1M,,A,,,,ICPT.M.VAL.HICP.RCH_A.DK.00.M,,,,,,,1,,HICP - Overall index,"Denmark - HICP - Overall index, Annual rate of change, Eurostat, Neither seasonally nor working day adjusted",PCCH,0
ICP.M.DK.N.000000.4.ANR,M,DK,N,000000,4,ANR,1997-06,2.4,A,F,,,P1M,,A,,,,ICPT.M.VAL.HICP.RCH_A.DK.00.M,,,,,,,1,,HICP - Overall index,"Denmark - HICP - Overall index, Annual rate of change, Eurostat, Neither seasonally nor working day adjusted",PCCH,0
ICP.M.DK.N.000000.4.ANR,M,DK,N,000000,4,ANR,1997-07,2,A,F,,,P1M,,A,,,,ICPT.M.VAL.HICP.RCH_A.DK.00.M,,,,,,,1,,HICP - Overall index,"Denmark - HICP - Overall index, Annual rate of change, Eurostat, Neither seasonally nor working day adjusted",PCCH,0
ICP.M.DK.N.000000.4.ANR,M,DK,N,000000,4,ANR,1997-08,2.1,A,F,,,P1M,,A,,,,ICPT.M.VAL.HICP.RCH_A.DK.00.M,,,,,,,1,,HICP - Overall index,"Denmark - HICP - Overall index, Annual rate of change, Eurostat, Neither seasonally nor working day adjusted",PCCH,0
ICP.M.DK.N.000000.4.ANR,M,DK,N,000000,4,ANR,1997-09,1.8,A,F,,,P1M,,A,,,,ICPT.M.VAL.HICP.RCH_A.DK.00.M,,,,,,,1,,HICP - Overall index,"Denmark - HICP - Overall index, Annual rate of change, Eurostat, Neither seasonally nor working day adjusted",PCCH,0
ICP.M.DK.N.000000.4.ANR,M,DK,N,000000,4,ANR,1997-10,1.7,A,F,,,P1M,,A,,,,ICPT.M.VAL.HICP.RCH_A.DK.00.M,,,,,,,1,,HICP - Overall index,"Denmark - HICP - Overall index, Annual rate of change, Eurostat, Neither seasonally nor working day adjusted",PCCH,0
ICP.M.DK.N.000000.4.ANR,M,DK,N,000000,4,ANR,1997-11,1.7,A,F,,,P1M,,A,,,,ICPT.M.VAL.HICP.RCH_A.DK.00.M,,,,,,,1,,HICP - Overall index,"Denmark - HICP - Overall index, Annual rate of change, Eurostat, Neither seasonally nor working day adjusted",PCCH,0
ICP.M.DK.N.000000.4.ANR,M,DK,N,000000,4,ANR,1997-12,1.5,A,F,,,P1M,,A,,,,ICPT.M.VAL.HICP.RCH_A.DK.00.M,,,,,,,1,,HICP - Overall index,"Denmark - HICP - Overall index, Annual rate of change, Eurostat, Neither seasonally nor working day adjusted",PCCH,0
ICP.M.DK.N.000000.4.ANR,M,DK,N,000000,4,ANR,1998-01,1.7,A,F,,,P1M,,A,,,,ICPT.M.VAL.HICP.RCH_A.DK.00.M,,,,,,,1,,HICP - Overall index,"Denmark - HICP - Overall index, Annual rate of change, Eurostat, Neither seasonally nor working day adjusted",PCCH,0
ICP.M.DK.N.000000.4.ANR,M,DK,N,000000,4,ANR,1998-02,1.7,A,F,,,P1M,,A,,,,ICPT.M.VAL.HICP.RCH_A.DK.00.M,,,,,,,1,,HICP - Overall index,"Denmark - HICP - Overall index, Annual rate of change, Eurostat, Neither seasonally nor working day adjusted",PCCH,0
ICP.M.DK.N.000000.4.ANR,M,DK,N,000000,4,ANR,1998-03,1.5,A,F,,,P1M,,A,,,,ICPT.M.VAL.HICP.RCH_A.DK.00.M,,,,,,,1,,HICP - Overall index,"Denmark - HICP - Overall index, Annual rate of change, Eurostat, Neither seasonally nor working day adjusted",PCCH,0
ICP.M.DK.N.000000.4.ANR,M,DK,N,000000,4,ANR,1998-04,1.7,A,F,,,P1M,,A,,,,ICPT.M.VAL.HICP.RCH_A.DK.00.M,,,,,,,1,,HICP - Overall index,"Denmark - HICP - Overall index, Annual rate of change, Eurostat, Neither seasonally nor working day adjusted",PCCH,0
ICP.M.DK.N.000000.4.ANR,M,DK,N,000000,4,ANR,1998-05,1.4,A,F,,,P1M,,A,,,,ICPT.M.VAL.HICP.RCH_A.DK.00.M,,,,,,,1,,HICP - Overall index,"Denmark - HICP - Overall index, Annual rate of change, Eurostat, Neither seasonally nor working day adjusted",PCCH,0
ICP.M.DK.N.000000.4.ANR,M,DK,N,000000,4,ANR,1998-06,1.2,A,F,,,P1M,,A,,,,ICPT.M.VAL.HICP.RCH_A.DK.00.M,,,,,,,1,,HICP - Overall index,"Denmark - HICP - Overall index, Annual rate of change, Eurostat, Neither seasonally nor working day adjusted",PCCH,0
ICP.M.DK.N.000000.4.ANR,M,DK,N,000000,4,ANR,1998-07,1.4,A,F,,,P1M,,A,,,,ICPT.M.VAL.HICP.RCH_A.DK.00.M,,,,,,,1,,HICP - Overall index,"Denmark - HICP - Overall index, Annual rate of change, Eurostat, Neither seasonally nor working day adjusted",PCCH,0
ICP.M.DK.N.000000.4.ANR,M,DK,N,000000,4,ANR,1998-08,1,A,F,,,P1M,,A,,,,ICPT.M.VAL.HICP.RCH_A.DK.00.M,,,,,,,1,,HICP - Overall index,"Denmark - HICP - Overall index, Annual rate of change, Eurostat, Neither seasonally nor working day adjusted",PCCH,0
ICP.M.DK.N.000000.4.ANR,M,DK,N,000000,4,ANR,1998-09,1.1,A,F,,,P1M,,A,,,,ICPT.M.VAL.HICP.RCH_A.DK.00.M,,,,,,,1,,HICP - Overall index,"Denmark - HICP - Overall index, Annual rate of change, Eurostat, Neither seasonally nor working day adjusted",PCCH,0
ICP.M.DK.N.000000.4.ANR,M,DK,N,000000,4,ANR,1998-10,1.1,A,F,,,P1M,,A,,,,ICPT.M.VAL.HICP.RCH_A.DK.00.M,,,,,,,1,,HICP - Overall index,"Denmark - HICP - Overall index, Annual rate of change, Eurostat, Neither seasonally nor working day adjusted",PCCH,0
ICP.M.DK.N.000000.4.ANR,M,DK,N,000000,4,ANR,1998-11,1.1,A,F,,,P1M,,A,,,,ICPT.M.VAL.HICP.RCH_A.DK.00.M,,,,,,,1,,HICP - Overall index,"Denmark - HICP - Overall index, Annual rate of change, Eurostat, Neither seasonally nor working day adjusted",PCCH,0
ICP.M.DK.N.000000.4.ANR,M,DK,N,000000,4,ANR,1998-12,1.1,A,F,,,P1M,,A,,,,ICPT.M.VAL.HICP.RCH_A.DK.00.M,,,,,,,1,,HICP - Overall index,"Denmark - HICP - Overall index, Annual rate of change, Eurostat, Neither seasonally nor working day adjusted",PCCH,0
ICP.M.DK.N.000000.4.ANR,M,DK,N,000000,4,ANR,1999-01,1.1,A,F,,,P1M,,A,,,,ICPT.M.VAL.HICP.RCH_A.DK.00.M,,,,,,,1,,HICP - Overall index,"Denmark - HICP - Overall index, Annual rate of change, Eurostat, Neither seasonally nor working day adjusted",PCCH,0
ICP.M.DK.N.000000.4.ANR,M,DK,N,000000,4,ANR,1999-02,1.4,A,F,,,P1M,,A,,,,ICPT.M.VAL.HICP.RCH_A.DK.00.M,,,,,,,1,,HICP - Overall index,"Denmark - HICP - Overall index, Annual rate of change, Eurostat, Neither seasonally nor working day adjusted",PCCH,0
ICP.M.DK.N.000000.4.ANR,M,DK,N,000000,4,ANR,1999-03,1.6,A,F,,,P1M,,A,,,,ICPT.M.VAL.HICP.RCH_A.DK.00.M,,,,,,,1,,HICP - Overall index,"Denmark - HICP - Overall index, Annual rate of change, Eurostat, Neither seasonally nor working day adjusted",PCCH,0
ICP.M.DK.N.000000.4.ANR,M,DK,N,000000,4,ANR,1999-04,1.6,A,F,,,P1M,,A,,,,ICPT.M.VAL.HICP.RCH_A.DK.00.M,,,,,,,1,,HICP - Overall index,"Denmark - HICP - Overall index, Annual rate of change, Eurostat, Neither seasonally nor working day adjusted",PCCH,0
ICP.M.DK.N.000000.4.ANR,M,DK,N,000000,4,ANR,1999-05,1.6,A,F,,,P1M,,A,,,,ICPT.M.VAL.HICP.RCH_A.DK.00.M,,,,,,,1,,HICP - Overall index,"Denmark - HICP - Overall index, Annual rate of change, Eurostat, Neither seasonally nor working day adjusted",PCCH,0
ICP.M.DK.N.000000.4.ANR,M,DK,N,000000,4,ANR,1999-06,1.9,A,F,,,P1M,,A,,,,ICPT.M.VAL.HICP.RCH_A.DK.00.M,,,,,,,1,,HICP - Overall index,"Denmark - HICP - Overall index, Annual rate of change, Eurostat, Neither seasonally nor working day adjusted",PCCH,0
ICP.M.DK.N.000000.4.ANR,M,DK,N,000000,4,ANR,1999-07,2,A,F,,,P1M,,A,,,,ICPT.M.VAL.HICP.RCH_A.DK.00.M,,,,,,,1,,HICP - Overall index,"Denmark - HICP - Overall index, Annual rate of change, Eurostat, Neither seasonally nor working day adjusted",PCCH,0
ICP.M.DK.N.000000.4.ANR,M,DK,N,000000,4,ANR,1999-08,2.6,A,F,,,P1M,,A,,,,ICPT.M.VAL.HICP.RCH_A.DK.00.M,,,,,,,1,,HICP - Overall index,"Denmark - HICP - Overall index, Annual rate of change, Eurostat, Neither seasonally nor working day adjusted",PCCH,0
ICP.M.DK.N.000000.4.ANR,M,DK,N,000000,4,ANR,1999-09,2.4,A,F,,,P1M,,A,,,,ICPT.M.VAL.HICP.RCH_A.DK.00.M,,,,,,,1,,HICP - Overall index,"Denmark - HICP - Overall index, Annual rate of change, Eurostat, Neither seasonally nor working day adjusted",PCCH,0
ICP.M.DK.N.000000.4.ANR,M,DK,N,000000,4,ANR,1999-10,2.6,A,F,,,P1M,,A,,,,ICPT.M.VAL.HICP.RCH_A.DK.00.M,,,,,,,1,,HICP - Overall index,"Denmark - HICP - Overall index, Annual rate of change, Eurostat, Neither seasonally nor working day adjusted",PCCH,0
ICP.M.DK.N.000000.4.ANR,M,DK,N,000000,4,ANR,1999-11,2.6,A,F,,,P1M,,A,,,,ICPT.M.VAL.HICP.RCH_A.DK.00.M,,,,,,,1,,HICP - Overall index,"Denmark - HICP - Overall index, Annual rate of change, Eurostat, Neither seasonally nor working day adjusted",PCCH,0
ICP.M.DK.N.000000.4.ANR,M,DK,N,000000,4,ANR,1999-12,3.1,A,F,,,P1M,,A,,,,ICPT.M.VAL.HICP.RCH_A.DK.00.M,,,,,,,1,,HICP - Overall index,"Denmark - HICP - Overall index, Annual rate of change, Eurostat, Neither seasonally nor working day adjusted",PCCH,0
ICP.M.DK.N.000000.4.ANR,M,DK,N,000000,4,ANR,2000-01,2.8,A,F,,,P1M,,A,,,,ICPT.M.VAL.HICP.RCH_A.DK.00.M,,,,,,,1,,HICP - Overall index,"Denmark - HICP - Overall index, Annual rate of change, Eurostat, Neither seasonally nor working day adjusted",PCCH,0
ICP.M.DK.N.000000.4.ANR,M,DK,N,000000,4,ANR,2000-02,2.8,A,F,,,P1M,,A,,,,ICPT.M.VAL.HICP.RCH_A.DK.00.M,,,,,,,1,,HICP - Overall index,"Denmark - HICP - Overall index, Annual rate of change, Eurostat, Neither seasonally nor working day adjusted",PCCH,0
ICP.M.DK.N.000000.4.ANR,M,DK,N,000000,4,ANR,2000-03,2.9,A,F,,,P1M,,A,,,,ICPT.M.VAL.HICP.RCH_A.DK.00.M,,,,,,,1,,HICP - Overall index,"Denmark - HICP - Overall index, Annual rate of change, Eurostat, Neither seasonally nor working day adjusted",PCCH,0
ICP.M.DK.N.000000.4.ANR,M,DK,N,000000,4,ANR,2000-04,2.9,A,F,,,P1M,,A,,,,ICPT.M.VAL.HICP.RCH_A.DK.00.M,,,,,,,1,,HICP - Overall index,"Denmark - HICP - Overall index, Annual rate of change, Eurostat, Neither seasonally nor working day adjusted",PCCH,0
ICP.M.DK.N.000000.4.ANR,M,DK,N,000000,4,ANR,2000-05,2.9,A,F,,,P1M,,A,,,,ICPT.M.VAL.HICP.RCH_A.DK.00.M,,,,,,,1,,HICP - Overall index,"Denmark - HICP - Overall index, Annual rate of change, Eurostat, Neither seasonally nor working day adjusted",PCCH,0
ICP.M.DK.N.000000.4.ANR,M,DK,N,000000,4,ANR,2000-06,2.9,A,F,,,P1M,,A,,,,ICPT.M.VAL.HICP.RCH_A.DK.00.M,,,,,,,1,,HICP - Overall index,"Denmark - HICP - Overall index, Annual rate of change, Eurostat, Neither seasonally nor working day adjusted",PCCH,0
ICP.M.DK.N.000000.4.ANR,M,DK,N,000000,4,ANR,2000-07,2.8,A,F,,,P1M,,A,,,,ICPT.M.VAL.HICP.RCH_A.DK.00.M,,,,,,,1,,HICP - Overall index,"Denmark - HICP - Overall index, Annual rate of change, Eurostat, Neither seasonally nor working day adjusted",PCCH,0
ICP.M.DK.N.000000.4.ANR,M,DK,N,000000,4,ANR,2000-08,2.1,A,F,,,P1M,,A,,,,ICPT.M.VAL.HICP.RCH_A.DK.00.M,,,,,,,1,,HICP - Overall index,"Denmark - HICP - Overall index, Annual rate of change, Eurostat, Neither seasonally nor working day adjusted",PCCH,0
ICP.M.DK.N.000000.4.ANR,M,DK,N,000000,4,ANR,2000-09,2.8,A,F,,,P1M,,A,,,,ICPT.M.VAL.HICP.RCH_A.DK.00.M,,,,,,,1,,HICP - Overall index,"Denmark - HICP - Overall index, Annual rate of change, Eurostat, Neither seasonally nor working day adjusted",PCCH,0
ICP.M.DK.N.000000.4.ANR,M,DK,N,000000,4,ANR,2000-10,2.9,A,F,,,P1M,,A,,,,ICPT.M.VAL.HICP.RCH_A.DK.00.M,,,,,,,1,,HICP - Overall index,"Denmark - HICP - Overall index, Annual rate of change, Eurostat, Neither seasonally nor working day adjusted",PCCH,0
ICP.M.DK.N.000000.4.ANR,M,DK,N,000000,4,ANR,2000-11,2.8,A,F,,,P1M,,A,,,,ICPT.M.VAL.HICP.RCH_A.DK.00.M,,,,,,,1,,HICP - Overall index,"Denmark - HICP - Overall index, Annual rate of change, Eurostat, Neither seasonally nor working day adjusted",PCCH,0
ICP.M.DK.N.000000.4.ANR,M,DK,N,000000,4,ANR,2000-12,2.4,A,F,,,P1M,,A,,,,ICPT.M.VAL.HICP.RCH_A.DK.00.M,,,,,,,1,,HICP - Overall index,"Denmark - HICP - Overall index, Annual rate of change, Eurostat, Neither seasonally nor working day adjusted",PCCH,0
ICP.M.DK.N.000000.4.ANR,M,DK,N,000000,4,ANR,2001-01,2.4,A,F,,,P1M,,A,,,,ICPT.M.VAL.HICP.RCH_A.DK.00.M,,,,,,,1,,HICP - Overall index,"Denmark - HICP - Overall index, Annual rate of change, Eurostat, Neither seasonally nor working day adjusted",PCCH,0
ICP.M.DK.N.000000.4.ANR,M,DK,N,000000,4,ANR,2001-02,2.3,A,F,,,P1M,,A,,,,ICPT.M.VAL.HICP.RCH_A.DK.00.M,,,,,,,1,,HICP - Overall index,"Denmark - HICP - Overall index, Annual rate of change, Eurostat, Neither seasonally nor working day adjusted",PCCH,0
ICP.M.DK.N.000000.4.ANR,M,DK,N,000000,4,ANR,2001-03,2.2,A,F,,,P1M,,A,,,,ICPT.M.VAL.HICP.RCH_A.DK.00.M,,,,,,,1,,HICP - Overall index,"Denmark - HICP - Overall index, Annual rate of change, Eurostat, Neither seasonally nor working day adjusted",PCCH,0
ICP.M.DK.N.000000.4.ANR,M,DK,N,000000,4,ANR,2001-04,2.6,A,F,,,P1M,,A,,,,ICPT.M.VAL.HICP.RCH_A.DK.00.M,,,,,,,1,,HICP - Overall index,"Denmark - HICP - Overall index, Annual rate of change, Eurostat, Neither seasonally nor working day adjusted",PCCH,0
ICP.M.DK.N.000000.4.ANR,M,DK,N,000000,4,ANR,2001-05,2.7,A,F,,,P1M,,A,,,,ICPT.M.VAL.HICP.RCH_A.DK.00.M,,,,,,,1,,HICP - Overall index,"Denmark - HICP - Overall index, Annual rate of change, Eurostat, Neither seasonally nor working day adjusted",PCCH,0
ICP.M.DK.N.000000.4.ANR,M,DK,N,000000,4,ANR,2001-06,2.3,A,F,,,P1M,,A,,,,ICPT.M.VAL.HICP.RCH_A.DK.00.M,,,,,,,1,,HICP - Overall index,"Denmark - HICP - Overall index, Annual rate of change, Eurostat, Neither seasonally nor working day adjusted",PCCH,0
ICP.M.DK.N.000000.4.ANR,M,DK,N,000000,4,ANR,2001-07,2.3,A,F,,,P1M,,A,,,,ICPT.M.VAL.HICP.RCH_A.DK.00.M,,,,,,,1,,HICP - Overall index,"Denmark - HICP - Overall index, Annual rate of change, Eurostat, Neither seasonally nor working day adjusted",PCCH,0
ICP.M.DK.N.000000.4.ANR,M,DK,N,000000,4,ANR,2001-08,2.5,A,F,,,P1M,,A,,,,ICPT.M.VAL.HICP.RCH_A.DK.00.M,,,,,,,1,,HICP - Overall index,"Denmark - HICP - Overall index, Annual rate of change, Eurostat, Neither seasonally nor working day adjusted",PCCH,0
ICP.M.DK.N.000000.4.ANR,M,DK,N,000000,4,ANR,2001-09,2.2,A,F,,,P1M,,A,,,,ICPT.M.VAL.HICP.RCH_A.DK.00.M,,,,,,,1,,HICP - Overall index,"Denmark - HICP - Overall index, Annual rate of change, Eurostat, Neither seasonally nor working day adjusted",PCCH,0
ICP.M.DK.N.000000.4.ANR,M,DK,N,000000,4,ANR,2001-10,1.9,A,F,,,P1M,,A,,,,ICPT.M.VAL.HICP.RCH_A.DK.00.M,,,,,,,1,,HICP - Overall index,"Denmark - HICP - Overall index, Annual rate of change, Eurostat, Neither seasonally nor working day adjusted",PCCH,0
ICP.M.DK.N.000000.4.ANR,M,DK,N,000000,4,ANR,2001-11,1.8,A,F,,,P1M,,A,,,,ICPT.M.VAL.HICP.RCH_A.DK.00.M,,,,,,,1,,HICP - Overall index,"Denmark - HICP - Overall index, Annual rate of change, Eurostat, Neither seasonally nor working day adjusted",PCCH,0
ICP.M.DK.N.000000.4.ANR,M,DK,N,000000,4,ANR,2001-12,2,A,F,,,P1M,,A,,,,ICPT.M.VAL.HICP.RCH_A.DK.00.M,,,,,,,1,,HICP - Overall index,"Denmark - HICP - Overall index, Annual rate of change, Eurostat, Neither seasonally nor working day adjusted",PCCH,0
ICP.M.DK.N.000000.4.ANR,M,DK,N,000000,4,ANR,2002-01,2.3,A,F,,,P1M,,A,,,,ICPT.M.VAL.HICP.RCH_A.DK.00.M,,,,,,,1,,HICP - Overall index,"Denmark - HICP - Overall index, Annual rate of change, Eurostat, Neither seasonally nor working day adjusted",PCCH,0
ICP.M.DK.N.000000.4.ANR,M,DK,N,000000,4,ANR,2002-02,2.4,A,F,,,P1M,,A,,,,ICPT.M.VAL.HICP.RCH_A.DK.00.M,,,,,,,1,,HICP - Overall index,"Denmark - HICP - Overall index, Annual rate of change, Eurostat, Neither seasonally nor working day adjusted",PCCH,0
ICP.M.DK.N.000000.4.ANR,M,DK,N,000000,4,ANR,2002-03,2.5,A,F,,,P1M,,A,,,,ICPT.M.VAL.HICP.RCH_A.DK.00.M,,,,,,,1,,HICP - Overall index,"Denmark - HICP - Overall index, Annual rate of change, Eurostat, Neither seasonally nor working day adjusted",PCCH,0
ICP.M.DK.N.000000.4.ANR,M,DK,N,000000,4,ANR,2002-04,2.4,A,F,,,P1M,,A,,,,ICPT.M.VAL.HICP.RCH_A.DK.00.M,,,,,,,1,,HICP - Overall index,"Denmark - HICP - Overall index, Annual rate of change, Eurostat, Neither seasonally nor working day adjusted",PCCH,0
ICP.M.DK.N.000000.4.ANR,M,DK,N,000000,4,ANR,2002-05,2,A,F,,,P1M,,A,,,,ICPT.M.VAL.HICP.RCH_A.DK.00.M,,,,,,,1,,HICP - Overall index,"Denmark - HICP - Overall index, Annual rate of change, Eurostat, Neither seasonally nor working day adjusted",PCCH,0
ICP.M.DK.N.000000.4.ANR,M,DK,N,000000,4,ANR,2002-06,2.1,A,F,,,P1M,,A,,,,ICPT.M.VAL.HICP.RCH_A.DK.00.M,,,,,,,1,,HICP - Overall index,"Denmark - HICP - Overall index, Annual rate of change, Eurostat, Neither seasonally nor working day adjusted",PCCH,0
ICP.M.DK.N.000000.4.ANR,M,DK,N,000000,4,ANR,2002-07,2.1,A,F,,,P1M,,A,,,,ICPT.M.VAL.HICP.RCH_A.DK.00.M,,,,,,,1,,HICP - Overall index,"Denmark - HICP - Overall index, Annual rate of change, Eurostat, Neither seasonally nor working day adjusted",PCCH,0
ICP.M.DK.N.000000.4.ANR,M,DK,N,000000,4,ANR,2002-08,2.4,A,F,,,P1M,,A,,,,ICPT.M.VAL.HICP.RCH_A.DK.00.M,,,,,,,1,,HICP - Overall index,"Denmark - HICP - Overall index, Annual rate of change, Eurostat, Neither seasonally nor working day adjusted",PCCH,0
ICP.M.DK.N.000000.4.ANR,M,DK,N,000000,4,ANR,2002-09,2.4,A,F,,,P1M,,A,,,,ICPT.M.VAL.HICP.RCH_A.DK.00.M,,,,,,,1,,HICP - Overall index,"Denmark - HICP - Overall index, Annual rate of change, Eurostat, Neither seasonally nor working day adjusted",PCCH,0
ICP.M.DK.N.000000.4.ANR,M,DK,N,000000,4,ANR,2002-10,2.6,A,F,,,P1M,,A,,,,ICPT.M.VAL.HICP.RCH_A.DK.00.M,,,,,,,1,,HICP - Overall index,"Denmark - HICP - Overall index, Annual rate of change, Eurostat, Neither seasonally nor working day adjusted",PCCH,0
ICP.M.DK.N.000000.4.ANR,M,DK,N,000000,4,ANR,2002-11,2.8,A,F,,,P1M,,A,,,,ICPT.M.VAL.HICP.RCH_A.DK.00.M,,,,,,,1,,HICP - Overall index,"Denmark - HICP - Overall index, Annual rate of change, Eurostat, Neither seasonally nor working day adjusted",PCCH,0
ICP.M.DK.N.000000.4.ANR,M,DK,N,000000,4,ANR,2002-12,2.6,A,F,,,P1M,,A,,,,ICPT.M.VAL.HICP.RCH_A.DK.00.M,,,,,,,1,,HICP - Overall index,"Denmark - HICP - Overall index, Annual rate of change, Eurostat, Neither seasonally nor working day adjusted",PCCH,0
ICP.M.DK.N.000000.4.ANR,M,DK,N,000000,4,ANR,2003-01,2.6,A,F,,,P1M,,A,,,,ICPT.M.VAL.HICP.RCH_A.DK.00.M,,,,,,,1,,HICP - Overall index,"Denmark - HICP - Overall index, Annual rate of change, Eurostat, Neither seasonally nor working day adjusted",PCCH,0
ICP.M.DK.N.000000.4.ANR,M,DK,N,000000,4,ANR,2003-02,2.7,A,F,,,P1M,,A,,,,ICPT.M.VAL.HICP.RCH_A.DK.00.M,,,,,,,1,,HICP - Overall index,"Denmark - HICP - Overall index, Annual rate of change, Eurostat, Neither seasonally nor working day adjusted",PCCH,0
ICP.M.DK.N.000000.4.ANR,M,DK,N,000000,4,ANR,2003-03,3,A,F,,,P1M,,A,,,,ICPT.M.VAL.HICP.RCH_A.DK.00.M,,,,,,,1,,HICP - Overall index,"Denmark - HICP - Overall index, Annual rate of change, Eurostat, Neither seasonally nor working day adjusted",PCCH,0
ICP.M.DK.N.000000.4.ANR,M,DK,N,000000,4,ANR,2003-04,2.3,A,F,,,P1M,,A,,,,ICPT.M.VAL.HICP.RCH_A.DK.00.M,,,,,,,1,,HICP - Overall index,"Denmark - HICP - Overall index, Annual rate of change, Eurostat, Neither seasonally nor working day adjusted",PCCH,0
ICP.M.DK.N.000000.4.ANR,M,DK,N,000000,4,ANR,2003-05,2.1,A,F,,,P1M,,A,,,,ICPT.M.VAL.HICP.RCH_A.DK.00.M,,,,,,,1,,HICP - Overall index,"Denmark - HICP - Overall index, Annual rate of change, Eurostat, Neither seasonally nor working day adjusted",PCCH,0
ICP.M.DK.N.000000.4.ANR,M,DK,N,000000,4,ANR,2003-06,2,A,F,,,P1M,,A,,,,ICPT.M.VAL.HICP.RCH_A.DK.00.M,,,,,,,1,,HICP - Overall index,"Denmark - HICP - Overall index, Annual rate of change, Eurostat, Neither seasonally nor working day adjusted",PCCH,0
ICP.M.DK.N.000000.4.ANR,M,DK,N,000000,4,ANR,2003-07,1.7,A,F,,,P1M,,A,,,,ICPT.M.VAL.HICP.RCH_A.DK.00.M,,,,,,,1,,HICP - Overall index,"Denmark - HICP - Overall index, Annual rate of change, Eurostat, Neither seasonally nor working day adjusted",PCCH,0
ICP.M.DK.N.000000.4.ANR,M,DK,N,000000,4,ANR,2003-08,1.6,A,F,,,P1M,,A,,,,ICPT.M.VAL.HICP.RCH_A.DK.00.M,,,,,,,1,,HICP - Overall index,"Denmark - HICP - Overall index, Annual rate of change, Eurostat, Neither seasonally nor working day adjusted",PCCH,0
ICP.M.DK.N.000000.4.ANR,M,DK,N,000000,4,ANR,2003-09,1.7,A,F,,,P1M,,A,,,,ICPT.M.VAL.HICP.RCH_A.DK.00.M,,,,,,,1,,HICP - Overall index,"Denmark - HICP - Overall index, Annual rate of change, Eurostat, Neither seasonally nor working day adjusted",PCCH,0
ICP.M.DK.N.000000.4.ANR,M,DK,N,000000,4,ANR,2003-10,1.2,A,F,,,P1M,,A,,,,ICPT.M.VAL.HICP.RCH_A.DK.00.M,,,,,,,1,,HICP - Overall index,"Denmark - HICP - Overall index, Annual rate of change, Eurostat, Neither seasonally nor working day adjusted",PCCH,0
ICP.M.DK.N.000000.4.ANR,M,DK,N,000000,4,ANR,2003-11,1.3,A,F,,,P1M,,A,,,,ICPT.M.VAL.HICP.RCH_A.DK.00.M,,,,,,,1,,HICP - Overall index,"Denmark - HICP - Overall index, Annual rate of change, Eurostat, Neither seasonally nor working day adjusted",PCCH,0
ICP.M.DK.N.000000.4.ANR,M,DK,N,000000,4,ANR,2003-12,1.2,A,F,,,P1M,,A,,,,ICPT.M.VAL.HICP.RCH_A.DK.00.M,,,,,,,1,,HICP - Overall index,"Denmark - HICP - Overall index, Annual rate of change, Eurostat, Neither seasonally nor working day adjusted",PCCH,0
ICP.M.DK.N.000000.4.ANR,M,DK,N,000000,4,ANR,2004-01,1,A,F,,,P1M,,A,,,,ICPT.M.VAL.HICP.RCH_A.DK.00.M,,,,,,,1,,HICP - Overall index,"Denmark - HICP - Overall index, Annual rate of change, Eurostat, Neither seasonally nor working day adjusted",PCCH,0
ICP.M.DK.N.000000.4.ANR,M,DK,N,000000,4,ANR,2004-02,0.7,A,F,,,P1M,,A,,,,ICPT.M.VAL.HICP.RCH_A.DK.00.M,,,,,,,1,,HICP - Overall index,"Denmark - HICP - Overall index, Annual rate of change, Eurostat, Neither seasonally nor working day adjusted",PCCH,0
ICP.M.DK.N.000000.4.ANR,M,DK,N,000000,4,ANR,2004-03,0.4,A,F,,,P1M,,A,,,,ICPT.M.VAL.HICP.RCH_A.DK.00.M,,,,,,,1,,HICP - Overall index,"Denmark - HICP - Overall index, Annual rate of change, Eurostat, Neither seasonally nor working day adjusted",PCCH,0
ICP.M.DK.N.000000.4.ANR,M,DK,N,000000,4,ANR,2004-04,0.6,A,F,,,P1M,,A,,,,ICPT.M.VAL.HICP.RCH_A.DK.00.M,,,,,,,1,,HICP - Overall index,"Denmark - HICP - Overall index, Annual rate of change, Eurostat, Neither seasonally nor working day adjusted",PCCH,0
ICP.M.DK.N.000000.4.ANR,M,DK,N,000000,4,ANR,2004-05,1.1,A,F,,,P1M,,A,,,,ICPT.M.VAL.HICP.RCH_A.DK.00.M,,,,,,,1,,HICP - Overall index,"Denmark - HICP - Overall index, Annual rate of change, Eurostat, Neither seasonally nor working day adjusted",PCCH,0
ICP.M.DK.N.000000.4.ANR,M,DK,N,000000,4,ANR,2004-06,1,A,F,,,P1M,,A,,,,ICPT.M.VAL.HICP.RCH_A.DK.00.M,,,,,,,1,,HICP - Overall index,"Denmark - HICP - Overall index, Annual rate of change, Eurostat, Neither seasonally nor working day adjusted",PCCH,0
ICP.M.DK.N.000000.4.ANR,M,DK,N,000000,4,ANR,2004-07,1.2,A,F,,,P1M,,A,,,,ICPT.M.VAL.HICP.RCH_A.DK.00.M,,,,,,,1,,HICP - Overall index,"Denmark - HICP - Overall index, Annual rate of change, Eurostat, Neither seasonally nor working day adjusted",PCCH,0
ICP.M.DK.N.000000.4.ANR,M,DK,N,000000,4,ANR,2004-08,0.8,A,F,,,P1M,,A,,,,ICPT.M.VAL.HICP.RCH_A.DK.00.M,,,,,,,1,,HICP - Overall index,"Denmark - HICP - Overall index, Annual rate of change, Eurostat, Neither seasonally nor working day adjusted",PCCH,0
ICP.M.DK.N.000000.4.ANR,M,DK,N,000000,4,ANR,2004-09,0.8,A,F,,,P1M,,A,,,,ICPT.M.VAL.HICP.RCH_A.DK.00.M,,,,,,,1,,HICP - Overall index,"Denmark - HICP - Overall index, Annual rate of change, Eurostat, Neither seasonally nor working day adjusted",PCCH,0
ICP.M.DK.N.000000.4.ANR,M,DK,N,000000,4,ANR,2004-10,1.6,A,F,,,P1M,,A,,,,ICPT.M.VAL.HICP.RCH_A.DK.00.M,,,,,,,1,,HICP - Overall index,"Denmark - HICP - Overall index, Annual rate of change, Eurostat, Neither seasonally nor working day adjusted",PCCH,0
ICP.M.DK.N.000000.4.ANR,M,DK,N,000000,4,ANR,2004-11,1.1,A,F,,,P1M,,A,,,,ICPT.M.VAL.HICP.RCH_A.DK.00.M,,,,,,,1,,HICP - Overall index,"Denmark - HICP - Overall index, Annual rate of change, Eurostat, Neither seasonally nor working day adjusted",PCCH,0
ICP.M.DK.N.000000.4.ANR,M,DK,N,000000,4,ANR,2004-12,1,A,F,,,P1M,,A,,,,ICPT.M.VAL.HICP.RCH_A.DK.00.M,,,,,,,1,,HICP - Overall index,"Denmark - HICP - Overall index, Annual rate of change, Eurostat, Neither seasonally nor working day adjusted",PCCH,0
ICP.M.DK.N.000000.4.ANR,M,DK,N,000000,4,ANR,2005-01,0.8,A,F,,,P1M,,A,,,,ICPT.M.VAL.HICP.RCH_A.DK.00.M,,,,,,,1,,HICP - Overall index,"Denmark - HICP - Overall index, Annual rate of change, Eurostat, Neither seasonally nor working day adjusted",PCCH,0
ICP.M.DK.N.000000.4.ANR,M,DK,N,000000,4,ANR,2005-02,1.1,A,F,,,P1M,,A,,,,ICPT.M.VAL.HICP.RCH_A.DK.00.M,,,,,,,1,,HICP - Overall index,"Denmark - HICP - Overall index, Annual rate of change, Eurostat, Neither seasonally nor working day adjusted",PCCH,0
ICP.M.DK.N.000000.4.ANR,M,DK,N,000000,4,ANR,2005-03,1.3,A,F,,,P1M,,A,,,,ICPT.M.VAL.HICP.RCH_A.DK.00.M,,,,,,,1,,HICP - Overall index,"Denmark - HICP - Overall index, Annual rate of change, Eurostat, Neither seasonally nor working day adjusted",PCCH,0
ICP.M.DK.N.000000.4.ANR,M,DK,N,000000,4,ANR,2005-04,1.7,A,F,,,P1M,,A,,,,ICPT.M.VAL.HICP.RCH_A.DK.00.M,,,,,,,1,,HICP - Overall index,"Denmark - HICP - Overall index, Annual rate of change, Eurostat, Neither seasonally nor working day adjusted",PCCH,0
ICP.M.DK.N.000000.4.ANR,M,DK,N,000000,4,ANR,2005-05,1.3,A,F,,,P1M,,A,,,,ICPT.M.VAL.HICP.RCH_A.DK.00.M,,,,,,,1,,HICP - Overall index,"Denmark - HICP - Overall index, Annual rate of change, Eurostat, Neither seasonally nor working day adjusted",PCCH,0
ICP.M.DK.N.000000.4.ANR,M,DK,N,000000,4,ANR,2005-06,1.7,A,F,,,P1M,,A,,,,ICPT.M.VAL.HICP.RCH_A.DK.00.M,,,,,,,1,,HICP - Overall index,"Denmark - HICP - Overall index, Annual rate of change, Eurostat, Neither seasonally nor working day adjusted",PCCH,0
ICP.M.DK.N.000000.4.ANR,M,DK,N,000000,4,ANR,2005-07,1.9,A,F,,,P1M,,A,,,,ICPT.M.VAL.HICP.RCH_A.DK.00.M,,,,,,,1,,HICP - Overall index,"Denmark - HICP - Overall index, Annual rate of change, Eurostat, Neither seasonally nor working day adjusted",PCCH,0
ICP.M.DK.N.000000.4.ANR,M,DK,N,000000,4,ANR,2005-08,2.3,A,F,,,P1M,,A,,,,ICPT.M.VAL.HICP.RCH_A.DK.00.M,,,,,,,1,,HICP - Overall index,"Denmark - HICP - Overall index, Annual rate of change, Eurostat, Neither seasonally nor working day adjusted",PCCH,0
ICP.M.DK.N.000000.4.ANR,M,DK,N,000000,4,ANR,2005-09,2.5,A,F,,,P1M,,A,,,,ICPT.M.VAL.HICP.RCH_A.DK.00.M,,,,,,,1,,HICP - Overall index,"Denmark - HICP - Overall index, Annual rate of change, Eurostat, Neither seasonally nor working day adjusted",PCCH,0
ICP.M.DK.N.000000.4.ANR,M,DK,N,000000,4,ANR,2005-10,1.9,A,F,,,P1M,,A,,,,ICPT.M.VAL.HICP.RCH_A.DK.00.M,,,,,,,1,,HICP - Overall index,"Denmark - HICP - Overall index, Annual rate of change, Eurostat, Neither seasonally nor working day adjusted",PCCH,0
ICP.M.DK.N.000000.4.ANR,M,DK,N,000000,4,ANR,2005-11,1.9,A,F,,,P1M,,A,,,,ICPT.M.VAL.HICP.RCH_A.DK.00.M,,,,,,,1,,HICP - Overall index,"Denmark - HICP - Overall index, Annual rate of change, Eurostat, Neither seasonally nor working day adjusted",PCCH,0
ICP.M.DK.N.000000.4.ANR,M,DK,N,000000,4,ANR,2005-12,2.3,A,F,,,P1M,,A,,,,ICPT.M.VAL.HICP.RCH_A.DK.00.M,,,,,,,1,,HICP - Overall index,"Denmark - HICP - Overall index, Annual rate of change, Eurostat, Neither seasonally nor working day adjusted",PCCH,0
ICP.M.DK.N.000000.4.ANR,M,DK,N,000000,4,ANR,2006-01,2,A,F,,,P1M,,A,,,,ICPT.M.VAL.HICP.RCH_A.DK.00.M,,,,,,,1,,HICP - Overall index,"Denmark - HICP - Overall index, Annual rate of change, Eurostat, Neither seasonally nor working day adjusted",PCCH,0
ICP.M.DK.N.000000.4.ANR,M,DK,N,000000,4,ANR,2006-02,2.1,A,F,,,P1M,,A,,,,ICPT.M.VAL.HICP.RCH_A.DK.00.M,,,,,,,1,,HICP - Overall index,"Denmark - HICP - Overall index, Annual rate of change, Eurostat, Neither seasonally nor working day adjusted",PCCH,0
ICP.M.DK.N.000000.4.ANR,M,DK,N,000000,4,ANR,2006-03,1.8,A,F,,,P1M,,A,,,,ICPT.M.VAL.HICP.RCH_A.DK.00.M,,,,,,,1,,HICP - Overall index,"Denmark - HICP - Overall index, Annual rate of change, Eurostat, Neither seasonally nor working day adjusted",PCCH,0
ICP.M.DK.N.000000.4.ANR,M,DK,N,000000,4,ANR,2006-04,1.9,A,F,,,P1M,,A,,,,ICPT.M.VAL.HICP.RCH_A.DK.00.M,,,,,,,1,,HICP - Overall index,"Denmark - HICP - Overall index, Annual rate of change, Eurostat, Neither seasonally nor working day adjusted",PCCH,0
ICP.M.DK.N.000000.4.ANR,M,DK,N,000000,4,ANR,2006-05,2,A,F,,,P1M,,A,,,,ICPT.M.VAL.HICP.RCH_A.DK.00.M,,,,,,,1,,HICP - Overall index,"Denmark - HICP - Overall index, Annual rate of change, Eurostat, Neither seasonally nor working day adjusted",PCCH,0
ICP.M.DK.N.000000.4.ANR,M,DK,N,000000,4,ANR,2006-06,2.1,A,F,,,P1M,,A,,,,ICPT.M.VAL.HICP.RCH_A.DK.00.M,,,,,,,1,,HICP - Overall index,"Denmark - HICP - Overall index, Annual rate of change, Eurostat, Neither seasonally nor working day adjusted",PCCH,0
ICP.M.DK.N.000000.4.ANR,M,DK,N,000000,4,ANR,2006-07,2,A,F,,,P1M,,A,,,,ICPT.M.VAL.HICP.RCH_A.DK.00.M,,,,,,,1,,HICP - Overall index,"Denmark - HICP - Overall index, Annual rate of change, Eurostat, Neither seasonally nor working day adjusted",PCCH,0
ICP.M.DK.N.000000.4.ANR,M,DK,N,000000,4,ANR,2006-08,2,A,F,,,P1M,,A,,,,ICPT.M.VAL.HICP.RCH_A.DK.00.M,,,,,,,1,,HICP - Overall index,"Denmark - HICP - Overall index, Annual rate of change, Eurostat, Neither seasonally nor working day adjusted",PCCH,0
ICP.M.DK.N.000000.4.ANR,M,DK,N,000000,4,ANR,2006-09,1.4,A,F,,,P1M,,A,,,,ICPT.M.VAL.HICP.RCH_A.DK.00.M,,,,,,,1,,HICP - Overall index,"Denmark - HICP - Overall index, Annual rate of change, Eurostat, Neither seasonally nor working day adjusted",PCCH,0
ICP.M.DK.N.000000.4.ANR,M,DK,N,000000,4,ANR,2006-10,1.4,A,F,,,P1M,,A,,,,ICPT.M.VAL.HICP.RCH_A.DK.00.M,,,,,,,1,,HICP - Overall index,"Denmark - HICP - Overall index, Annual rate of change, Eurostat, Neither seasonally nor working day adjusted",PCCH,0
ICP.M.DK.N.000000.4.ANR,M,DK,N,000000,4,ANR,2006-11,1.8,A,F,,,P1M,,A,,,,ICPT.M.VAL.HICP.RCH_A.DK.00.M,,,,,,,1,,HICP - Overall index,"Denmark - HICP - Overall index, Annual rate of change, Eurostat, Neither seasonally nor working day adjusted",PCCH,0
ICP.M.DK.N.000000.4.ANR,M,DK,N,000000,4,ANR,2006-12,1.6,A,F,,,P1M,,A,,,,ICPT.M.VAL.HICP.RCH_A.DK.00.M,,,,,,,1,,HICP - Overall index,"Denmark - HICP - Overall index, Annual rate of change, Eurostat, Neither seasonally nor working day adjusted",PCCH,0
ICP.M.DK.N.000000.4.ANR,M,DK,N,000000,4,ANR,2007-01,1.8,A,F,,,P1M,,A,,,,ICPT.M.VAL.HICP.RCH_A.DK.00.M,,,,,,,1,,HICP - Overall index,"Denmark - HICP - Overall index, Annual rate of change, Eurostat, Neither seasonally nor working day adjusted",PCCH,0
ICP.M.DK.N.000000.4.ANR,M,DK,N,000000,4,ANR,2007-02,1.9,A,F,,,P1M,,A,,,,ICPT.M.VAL.HICP.RCH_A.DK.00.M,,,,,,,1,,HICP - Overall index,"Denmark - HICP - Overall index, Annual rate of change, Eurostat, Neither seasonally nor working day adjusted",PCCH,0
ICP.M.DK.N.000000.4.ANR,M,DK,N,000000,4,ANR,2007-03,2,A,F,,,P1M,,A,,,,ICPT.M.VAL.HICP.RCH_A.DK.00.M,,,,,,,1,,HICP - Overall index,"Denmark - HICP - Overall index, Annual rate of change, Eurostat, Neither seasonally nor working day adjusted",PCCH,0
ICP.M.DK.N.000000.4.ANR,M,DK,N,000000,4,ANR,2007-04,1.6,A,F,,,P1M,,A,,,,ICPT.M.VAL.HICP.RCH_A.DK.00.M,,,,,,,1,,HICP - Overall index,"Denmark - HICP - Overall index, Annual rate of change, Eurostat, Neither seasonally nor working day adjusted",PCCH,0
ICP.M.DK.N.000000.4.ANR,M,DK,N,000000,4,ANR,2007-05,1.7,A,F,,,P1M,,A,,,,ICPT.M.VAL.HICP.RCH_A.DK.00.M,,,,,,,1,,HICP - Overall index,"Denmark - HICP - Overall index, Annual rate of change, Eurostat, Neither seasonally nor working day adjusted",PCCH,0
ICP.M.DK.N.000000.4.ANR,M,DK,N,000000,4,ANR,2007-06,1.3,A,F,,,P1M,,A,,,,ICPT.M.VAL.HICP.RCH_A.DK.00.M,,,,,,,1,,HICP - Overall index,"Denmark - HICP - Overall index, Annual rate of change, Eurostat, Neither seasonally nor working day adjusted",PCCH,0
ICP.M.DK.N.000000.4.ANR,M,DK,N,000000,4,ANR,2007-07,1,A,F,,,P1M,,A,,,,ICPT.M.VAL.HICP.RCH_A.DK.00.M,,,,,,,1,,HICP - Overall index,"Denmark - HICP - Overall index, Annual rate of change, Eurostat, Neither seasonally nor working day adjusted",PCCH,0
ICP.M.DK.N.000000.4.ANR,M,DK,N,000000,4,ANR,2007-08,0.8,A,F,,,P1M,,A,,,,ICPT.M.VAL.HICP.RCH_A.DK.00.M,,,,,,,1,,HICP - Overall index,"Denmark - HICP - Overall index, Annual rate of change, Eurostat, Neither seasonally nor working day adjusted",PCCH,0
ICP.M.DK.N.000000.4.ANR,M,DK,N,000000,4,ANR,2007-09,1.1,A,F,,,P1M,,A,,,,ICPT.M.VAL.HICP.RCH_A.DK.00.M,,,,,,,1,,HICP - Overall index,"Denmark - HICP - Overall index, Annual rate of change, Eurostat, Neither seasonally nor working day adjusted",PCCH,0
ICP.M.DK.N.000000.4.ANR,M,DK,N,000000,4,ANR,2007-10,1.7,A,F,,,P1M,,A,,,,ICPT.M.VAL.HICP.RCH_A.DK.00.M,,,,,,,1,,HICP - Overall index,"Denmark - HICP - Overall index, Annual rate of change, Eurostat, Neither seasonally nor working day adjusted",PCCH,0
ICP.M.DK.N.000000.4.ANR,M,DK,N,000000,4,ANR,2007-11,2.5,A,F,,,P1M,,A,,,,ICPT.M.VAL.HICP.RCH_A.DK.00.M,,,,,,,1,,HICP - Overall index,"Denmark - HICP - Overall index, Annual rate of change, Eurostat, Neither seasonally nor working day adjusted",PCCH,0
ICP.M.DK.N.000000.4.ANR,M,DK,N,000000,4,ANR,2007-12,2.4,A,F,,,P1M,,A,,,,ICPT.M.VAL.HICP.RCH_A.DK.00.M,,,,,,,1,,HICP - Overall index,"Denmark - HICP - Overall index, Annual rate of change, Eurostat, Neither seasonally nor working day adjusted",PCCH,0
ICP.M.DK.N.000000.4.ANR,M,DK,N,000000,4,ANR,2008-01,3.1,A,F,,,P1M,,A,,,,ICPT.M.VAL.HICP.RCH_A.DK.00.M,,,,,,,1,,HICP - Overall index,"Denmark - HICP - Overall index, Annual rate of change, Eurostat, Neither seasonally nor working day adjusted",PCCH,0
ICP.M.DK.N.000000.4.ANR,M,DK,N,000000,4,ANR,2008-02,3.2,A,F,,,P1M,,A,,,,ICPT.M.VAL.HICP.RCH_A.DK.00.M,,,,,,,1,,HICP - Overall index,"Denmark - HICP - Overall index, Annual rate of change, Eurostat, Neither seasonally nor working day adjusted",PCCH,0
ICP.M.DK.N.000000.4.ANR,M,DK,N,000000,4,ANR,2008-03,3.3,A,F,,,P1M,,A,,,,ICPT.M.VAL.HICP.RCH_A.DK.00.M,,,,,,,1,,HICP - Overall index,"Denmark - HICP - Overall index, Annual rate of change, Eurostat, Neither seasonally nor working day adjusted",PCCH,0
ICP.M.DK.N.000000.4.ANR,M,DK,N,000000,4,ANR,2008-04,3.4,A,F,,,P1M,,A,,,,ICPT.M.VAL.HICP.RCH_A.DK.00.M,,,,,,,1,,HICP - Overall index,"Denmark - HICP - Overall index, Annual rate of change, Eurostat, Neither seasonally nor working day adjusted",PCCH,0
ICP.M.DK.N.000000.4.ANR,M,DK,N,000000,4,ANR,2008-05,3.6,A,F,,,P1M,,A,,,,ICPT.M.VAL.HICP.RCH_A.DK.00.M,,,,,,,1,,HICP - Overall index,"Denmark - HICP - Overall index, Annual rate of change, Eurostat, Neither seasonally nor working day adjusted",PCCH,0
ICP.M.DK.N.000000.4.ANR,M,DK,N,000000,4,ANR,2008-06,4.2,A,F,,,P1M,,A,,,,ICPT.M.VAL.HICP.RCH_A.DK.00.M,,,,,,,1,,HICP - Overall index,"Denmark - HICP - Overall index, Annual rate of change, Eurostat, Neither seasonally nor working day adjusted",PCCH,0
ICP.M.DK.N.000000.4.ANR,M,DK,N,000000,4,ANR,2008-07,4.3,A,F,,,P1M,,A,,,,ICPT.M.VAL.HICP.RCH_A.DK.00.M,,,,,,,1,,HICP - Overall index,"Denmark - HICP - Overall index, Annual rate of change, Eurostat, Neither seasonally nor working day adjusted",PCCH,0
ICP.M.DK.N.000000.4.ANR,M,DK,N,000000,4,ANR,2008-08,4.8,A,F,,,P1M,,A,,,,ICPT.M.VAL.HICP.RCH_A.DK.00.M,,,,,,,1,,HICP - Overall index,"Denmark - HICP - Overall index, Annual rate of change, Eurostat, Neither seasonally nor working day adjusted",PCCH,0
ICP.M.DK.N.000000.4.ANR,M,DK,N,000000,4,ANR,2008-09,4.5,A,F,,,P1M,,A,,,,ICPT.M.VAL.HICP.RCH_A.DK.00.M,,,,,,,1,,HICP - Overall index,"Denmark - HICP - Overall index, Annual rate of change, Eurostat, Neither seasonally nor working day adjusted",PCCH,0
ICP.M.DK.N.000000.4.ANR,M,DK,N,000000,4,ANR,2008-10,3.8,A,F,,,P1M,,A,,,,ICPT.M.VAL.HICP.RCH_A.DK.00.M,,,,,,,1,,HICP - Overall index,"Denmark - HICP - Overall index, Annual rate of change, Eurostat, Neither seasonally nor working day adjusted",PCCH,0
ICP.M.DK.N.000000.4.ANR,M,DK,N,000000,4,ANR,2008-11,2.8,A,F,,,P1M,,A,,,,ICPT.M.VAL.HICP.RCH_A.DK.00.M,,,,,,,1,,HICP - Overall index,"Denmark - HICP - Overall index, Annual rate of change, Eurostat, Neither seasonally nor working day adjusted",PCCH,0
ICP.M.DK.N.000000.4.ANR,M,DK,N,000000,4,ANR,2008-12,2.5,A,F,,,P1M,,A,,,,ICPT.M.VAL.HICP.RCH_A.DK.00.M,,,,,,,1,,HICP - Overall index,"Denmark - HICP - Overall index, Annual rate of change, Eurostat, Neither seasonally nor working day adjusted",PCCH,0
ICP.M.DK.N.000000.4.ANR,M,DK,N,000000,4,ANR,2009-01,1.7,A,F,,,P1M,,A,,,,ICPT.M.VAL.HICP.RCH_A.DK.00.M,,,,,,,1,,HICP - Overall index,"Denmark - HICP - Overall index, Annual rate of change, Eurostat, Neither seasonally nor working day adjusted",PCCH,0
ICP.M.DK.N.000000.4.ANR,M,DK,N,000000,4,ANR,2009-02,1.7,A,F,,,P1M,,A,,,,ICPT.M.VAL.HICP.RCH_A.DK.00.M,,,,,,,1,,HICP - Overall index,"Denmark - HICP - Overall index, Annual rate of change, Eurostat, Neither seasonally nor working day adjusted",PCCH,0
ICP.M.DK.N.000000.4.ANR,M,DK,N,000000,4,ANR,2009-03,1.5,A,F,,,P1M,,A,,,,ICPT.M.VAL.HICP.RCH_A.DK.00.M,,,,,,,1,,HICP - Overall index,"Denmark - HICP - Overall index, Annual rate of change, Eurostat, Neither seasonally nor working day adjusted",PCCH,0
ICP.M.DK.N.000000.4.ANR,M,DK,N,000000,4,ANR,2009-04,1.1,A,F,,,P1M,,A,,,,ICPT.M.VAL.HICP.RCH_A.DK.00.M,,,,,,,1,,HICP - Overall index,"Denmark - HICP - Overall index, Annual rate of change, Eurostat, Neither seasonally nor working day adjusted",PCCH,0
ICP.M.DK.N.000000.4.ANR,M,DK,N,000000,4,ANR,2009-05,1,A,F,,,P1M,,A,,,,ICPT.M.VAL.HICP.RCH_A.DK.00.M,,,,,,,1,,HICP - Overall index,"Denmark - HICP - Overall index, Annual rate of change, Eurostat, Neither seasonally nor working day adjusted",PCCH,0
ICP.M.DK.N.000000.4.ANR,M,DK,N,000000,4,ANR,2009-06,0.9,A,F,,,P1M,,A,,,,ICPT.M.VAL.HICP.RCH_A.DK.00.M,,,,,,,1,,HICP - Overall index,"Denmark - HICP - Overall index, Annual rate of change, Eurostat, Neither seasonally nor working day adjusted",PCCH,0
ICP.M.DK.N.000000.4.ANR,M,DK,N,000000,4,ANR,2009-07,0.7,A,F,,,P1M,,A,,,,ICPT.M.VAL.HICP.RCH_A.DK.00.M,,,,,,,1,,HICP - Overall index,"Denmark - HICP - Overall index, Annual rate of change, Eurostat, Neither seasonally nor working day adjusted",PCCH,0
ICP.M.DK.N.000000.4.ANR,M,DK,N,000000,4,ANR,2009-08,0.8,A,F,,,P1M,,A,,,,ICPT.M.VAL.HICP.RCH_A.DK.00.M,,,,,,,1,,HICP - Overall index,"Denmark - HICP - Overall index, Annual rate of change, Eurostat, Neither seasonally nor working day adjusted",PCCH,0
ICP.M.DK.N.000000.4.ANR,M,DK,N,000000,4,ANR,2009-09,0.4,A,F,,,P1M,,A,,,,ICPT.M.VAL.HICP.RCH_A.DK.00.M,,,,,,,1,,HICP - Overall index,"Denmark - HICP - Overall index, Annual rate of change, Eurostat, Neither seasonally nor working day adjusted",PCCH,0
ICP.M.DK.N.000000.4.ANR,M,DK,N,000000,4,ANR,2009-10,0.8,A,F,,,P1M,,A,,,,ICPT.M.VAL.HICP.RCH_A.DK.00.M,,,,,,,1,,HICP - Overall index,"Denmark - HICP - Overall index, Annual rate of change, Eurostat, Neither seasonally nor working day adjusted",PCCH,0
ICP.M.DK.N.000000.4.ANR,M,DK,N,000000,4,ANR,2009-11,1,A,F,,,P1M,,A,,,,ICPT.M.VAL.HICP.RCH_A.DK.00.M,,,,,,,1,,HICP - Overall index,"Denmark - HICP - Overall index, Annual rate of change, Eurostat, Neither seasonally nor working day adjusted",PCCH,0
ICP.M.DK.N.000000.4.ANR,M,DK,N,000000,4,ANR,2009-12,1.1,A,F,,,P1M,,A,,,,ICPT.M.VAL.HICP.RCH_A.DK.00.M,,,,,,,1,,HICP - Overall index,"Denmark - HICP - Overall index, Annual rate of change, Eurostat, Neither seasonally nor working day adjusted",PCCH,0
ICP.M.DK.N.000000.4.ANR,M,DK,N,000000,4,ANR,2010-01,1.9,A,F,,,P1M,,A,,,,ICPT.M.VAL.HICP.RCH_A.DK.00.M,,,,,,,1,,HICP - Overall index,"Denmark - HICP - Overall index, Annual rate of change, Eurostat, Neither seasonally nor working day adjusted",PCCH,0
ICP.M.DK.N.000000.4.ANR,M,DK,N,000000,4,ANR,2010-02,1.9,A,F,,,P1M,,A,,,,ICPT.M.VAL.HICP.RCH_A.DK.00.M,,,,,,,1,,HICP - Overall index,"Denmark - HICP - Overall index, Annual rate of change, Eurostat, Neither seasonally nor working day adjusted",PCCH,0
ICP.M.DK.N.000000.4.ANR,M,DK,N,000000,4,ANR,2010-03,2.1,A,F,,,P1M,,A,,,,ICPT.M.VAL.HICP.RCH_A.DK.00.M,,,,,,,1,,HICP - Overall index,"Denmark - HICP - Overall index, Annual rate of change, Eurostat, Neither seasonally nor working day adjusted",PCCH,0
ICP.M.DK.N.000000.4.ANR,M,DK,N,000000,4,ANR,2010-04,2.4,A,F,,,P1M,,A,,,,ICPT.M.VAL.HICP.RCH_A.DK.00.M,,,,,,,1,,HICP - Overall index,"Denmark - HICP - Overall index, Annual rate of change, Eurostat, Neither seasonally nor working day adjusted",PCCH,0
ICP.M.DK.N.000000.4.ANR,M,DK,N,000000,4,ANR,2010-05,2.1,A,F,,,P1M,,A,,,,ICPT.M.VAL.HICP.RCH_A.DK.00.M,,,,,,,1,,HICP - Overall index,"Denmark - HICP - Overall index, Annual rate of change, Eurostat, Neither seasonally nor working day adjusted",PCCH,0
ICP.M.DK.N.000000.4.ANR,M,DK,N,000000,4,ANR,2010-06,1.6,A,F,,,P1M,,A,,,,ICPT.M.VAL.HICP.RCH_A.DK.00.M,,,,,,,1,,HICP - Overall index,"Denmark - HICP - Overall index, Annual rate of change, Eurostat, Neither seasonally nor working day adjusted",PCCH,0
ICP.M.DK.N.000000.4.ANR,M,DK,N,000000,4,ANR,2010-07,2.2,A,F,,,P1M,,A,,,,ICPT.M.VAL.HICP.RCH_A.DK.00.M,,,,,,,1,,HICP - Overall index,"Denmark - HICP - Overall index, Annual rate of change, Eurostat, Neither seasonally nor working day adjusted",PCCH,0
ICP.M.DK.N.000000.4.ANR,M,DK,N,000000,4,ANR,2010-08,2.3,A,F,,,P1M,,A,,,,ICPT.M.VAL.HICP.RCH_A.DK.00.M,,,,,,,1,,HICP - Overall index,"Denmark - HICP - Overall index, Annual rate of change, Eurostat, Neither seasonally nor working day adjusted",PCCH,0
ICP.M.DK.N.000000.4.ANR,M,DK,N,000000,4,ANR,2010-09,2.6,A,F,,,P1M,,A,,,,ICPT.M.VAL.HICP.RCH_A.DK.00.M,,,,,,,1,,HICP - Overall index,"Denmark - HICP - Overall index, Annual rate of change, Eurostat, Neither seasonally nor working day adjusted",PCCH,0
ICP.M.DK.N.000000.4.ANR,M,DK,N,000000,4,ANR,2010-10,2.3,A,F,,,P1M,,A,,,,ICPT.M.VAL.HICP.RCH_A.DK.00.M,,,,,,,1,,HICP - Overall index,"Denmark - HICP - Overall index, Annual rate of change, Eurostat, Neither seasonally nor working day adjusted",PCCH,0
ICP.M.DK.N.000000.4.ANR,M,DK,N,000000,4,ANR,2010-11,2.4,A,F,,,P1M,,A,,,,ICPT.M.VAL.HICP.RCH_A.DK.00.M,,,,,,,1,,HICP - Overall index,"Denmark - HICP - Overall index, Annual rate of change, Eurostat, Neither seasonally nor working day adjusted",PCCH,0
ICP.M.DK.N.000000.4.ANR,M,DK,N,000000,4,ANR,2010-12,2.8,A,F,,,P1M,,A,,,,ICPT.M.VAL.HICP.RCH_A.DK.00.M,,,,,,,1,,HICP - Overall index,"Denmark - HICP - Overall index, Annual rate of change, Eurostat, Neither seasonally nor working day adjusted",PCCH,0
ICP.M.DK.N.000000.4.ANR,M,DK,N,000000,4,ANR,2011-01,2.6,A,F,,,P1M,,A,,,,ICPT.M.VAL.HICP.RCH_A.DK.00.M,,,,,,,1,,HICP - Overall index,"Denmark - HICP - Overall index, Annual rate of change, Eurostat, Neither seasonally nor working day adjusted",PCCH,0
ICP.M.DK.N.000000.4.ANR,M,DK,N,000000,4,ANR,2011-02,2.6,A,F,,,P1M,,A,,,,ICPT.M.VAL.HICP.RCH_A.DK.00.M,,,,,,,1,,HICP - Overall index,"Denmark - HICP - Overall index, Annual rate of change, Eurostat, Neither seasonally nor working day adjusted",PCCH,0
ICP.M.DK.N.000000.4.ANR,M,DK,N,000000,4,ANR,2011-03,2.6,A,F,,,P1M,,A,,,,ICPT.M.VAL.HICP.RCH_A.DK.00.M,,,,,,,1,,HICP - Overall index,"Denmark - HICP - Overall index, Annual rate of change, Eurostat, Neither seasonally nor working day adjusted",PCCH,0
ICP.M.DK.N.000000.4.ANR,M,DK,N,000000,4,ANR,2011-04,2.9,A,F,,,P1M,,A,,,,ICPT.M.VAL.HICP.RCH_A.DK.00.M,,,,,,,1,,HICP - Overall index,"Denmark - HICP - Overall index, Annual rate of change, Eurostat, Neither seasonally nor working day adjusted",PCCH,0
ICP.M.DK.N.000000.4.ANR,M,DK,N,000000,4,ANR,2011-05,3,A,F,,,P1M,,A,,,,ICPT.M.VAL.HICP.RCH_A.DK.00.M,,,,,,,1,,HICP - Overall index,"Denmark - HICP - Overall index, Annual rate of change, Eurostat, Neither seasonally nor working day adjusted",PCCH,0
ICP.M.DK.N.000000.4.ANR,M,DK,N,000000,4,ANR,2011-06,3,A,F,,,P1M,,A,,,,ICPT.M.VAL.HICP.RCH_A.DK.00.M,,,,,,,1,,HICP - Overall index,"Denmark - HICP - Overall index, Annual rate of change, Eurostat, Neither seasonally nor working day adjusted",PCCH,0
ICP.M.DK.N.000000.4.ANR,M,DK,N,000000,4,ANR,2011-07,2.9,A,F,,,P1M,,A,,,,ICPT.M.VAL.HICP.RCH_A.DK.00.M,,,,,,,1,,HICP - Overall index,"Denmark - HICP - Overall index, Annual rate of change, Eurostat, Neither seasonally nor working day adjusted",PCCH,0
ICP.M.DK.N.000000.4.ANR,M,DK,N,000000,4,ANR,2011-08,2.4,A,F,,,P1M,,A,,,,ICPT.M.VAL.HICP.RCH_A.DK.00.M,,,,,,,1,,HICP - Overall index,"Denmark - HICP - Overall index, Annual rate of change, Eurostat, Neither seasonally nor working day adjusted",PCCH,0
ICP.M.DK.N.000000.4.ANR,M,DK,N,000000,4,ANR,2011-09,2.3,A,F,,,P1M,,A,,,,ICPT.M.VAL.HICP.RCH_A.DK.00.M,,,,,,,1,,HICP - Overall index,"Denmark - HICP - Overall index, Annual rate of change, Eurostat, Neither seasonally nor working day adjusted",PCCH,0
ICP.M.DK.N.000000.4.ANR,M,DK,N,000000,4,ANR,2011-10,2.7,A,F,,,P1M,,A,,,,ICPT.M.VAL.HICP.RCH_A.DK.00.M,,,,,,,1,,HICP - Overall index,"Denmark - HICP - Overall index, Annual rate of change, Eurostat, Neither seasonally nor working day adjusted",PCCH,0
ICP.M.DK.N.000000.4.ANR,M,DK,N,000000,4,ANR,2011-11,2.5,A,F,,,P1M,,A,,,,ICPT.M.VAL.HICP.RCH_A.DK.00.M,,,,,,,1,,HICP - Overall index,"Denmark - HICP - Overall index, Annual rate of change, Eurostat, Neither seasonally nor working day adjusted",PCCH,0
ICP.M.DK.N.000000.4.ANR,M,DK,N,000000,4,ANR,2011-12,2.4,A,F,,,P1M,,A,,,,ICPT.M.VAL.HICP.RCH_A.DK.00.M,,,,,,,1,,HICP - Overall index,"Denmark - HICP - Overall index, Annual rate of change, Eurostat, Neither seasonally nor working day adjusted",PCCH,0
ICP.M.DK.N.000000.4.ANR,M,DK,N,000000,4,ANR,2012-01,2.7,A,F,,,P1M,,A,,,,ICPT.M.VAL.HICP.RCH_A.DK.00.M,,,,,,,1,,HICP - Overall index,"Denmark - HICP - Overall index, Annual rate of change, Eurostat, Neither seasonally nor working day adjusted",PCCH,0
ICP.M.DK.N.000000.4.ANR,M,DK,N,000000,4,ANR,2012-02,2.7,A,F,,,P1M,,A,,,,ICPT.M.VAL.HICP.RCH_A.DK.00.M,,,,,,,1,,HICP - Overall index,"Denmark - HICP - Overall index, Annual rate of change, Eurostat, Neither seasonally nor working day adjusted",PCCH,0
ICP.M.DK.N.000000.4.ANR,M,DK,N,000000,4,ANR,2012-03,2.7,A,F,,,P1M,,A,,,,ICPT.M.VAL.HICP.RCH_A.DK.00.M,,,,,,,1,,HICP - Overall index,"Denmark - HICP - Overall index, Annual rate of change, Eurostat, Neither seasonally nor working day adjusted",PCCH,0
ICP.M.DK.N.000000.4.ANR,M,DK,N,000000,4,ANR,2012-04,2.2,A,F,,,P1M,,A,,,,ICPT.M.VAL.HICP.RCH_A.DK.00.M,,,,,,,1,,HICP - Overall index,"Denmark - HICP - Overall index, Annual rate of change, Eurostat, Neither seasonally nor working day adjusted",PCCH,0
ICP.M.DK.N.000000.4.ANR,M,DK,N,000000,4,ANR,2012-05,2.1,A,F,,,P1M,,A,,,,ICPT.M.VAL.HICP.RCH_A.DK.00.M,,,,,,,1,,HICP - Overall index,"Denmark - HICP - Overall index, Annual rate of change, Eurostat, Neither seasonally nor working day adjusted",PCCH,0
ICP.M.DK.N.000000.4.ANR,M,DK,N,000000,4,ANR,2012-06,2.2,A,F,,,P1M,,A,,,,ICPT.M.VAL.HICP.RCH_A.DK.00.M,,,,,,,1,,HICP - Overall index,"Denmark - HICP - Overall index, Annual rate of change, Eurostat, Neither seasonally nor working day adjusted",PCCH,0
ICP.M.DK.N.000000.4.ANR,M,DK,N,000000,4,ANR,2012-07,2.2,A,F,,,P1M,,A,,,,ICPT.M.VAL.HICP.RCH_A.DK.00.M,,,,,,,1,,HICP - Overall index,"Denmark - HICP - Overall index, Annual rate of change, Eurostat, Neither seasonally nor working day adjusted",PCCH,0
ICP.M.DK.N.000000.4.ANR,M,DK,N,000000,4,ANR,2012-08,2.6,A,F,,,P1M,,A,,,,ICPT.M.VAL.HICP.RCH_A.DK.00.M,,,,,,,1,,HICP - Overall index,"Denmark - HICP - Overall index, Annual rate of change, Eurostat, Neither seasonally nor working day adjusted",PCCH,0
ICP.M.DK.N.000000.4.ANR,M,DK,N,000000,4,ANR,2012-09,2.6,A,F,,,P1M,,A,,,,ICPT.M.VAL.HICP.RCH_A.DK.00.M,,,,,,,1,,HICP - Overall index,"Denmark - HICP - Overall index, Annual rate of change, Eurostat, Neither seasonally nor working day adjusted",PCCH,0
ICP.M.DK.N.000000.4.ANR,M,DK,N,000000,4,ANR,2012-10,2.3,A,F,,,P1M,,A,,,,ICPT.M.VAL.HICP.RCH_A.DK.00.M,,,,,,,1,,HICP - Overall index,"Denmark - HICP - Overall index, Annual rate of change, Eurostat, Neither seasonally nor working day adjusted",PCCH,0
ICP.M.DK.N.000000.4.ANR,M,DK,N,000000,4,ANR,2012-11,2.3,A,F,,,P1M,,A,,,,ICPT.M.VAL.HICP.RCH_A.DK.00.M,,,,,,,1,,HICP - Overall index,"Denmark - HICP - Overall index, Annual rate of change, Eurostat, Neither seasonally nor working day adjusted",PCCH,0
ICP.M.DK.N.000000.4.ANR,M,DK,N,000000,4,ANR,2012-12,1.9,A,F,,,P1M,,A,,,,ICPT.M.VAL.HICP.RCH_A.DK.00.M,,,,,,,1,,HICP - Overall index,"Denmark - HICP - Overall index, Annual rate of change, Eurostat, Neither seasonally nor working day adjusted",PCCH,0
ICP.M.DK.N.000000.4.ANR,M,DK,N,000000,4,ANR,2013-01,0.9,A,F,,,P1M,,A,,,,ICPT.M.VAL.HICP.RCH_A.DK.00.M,,,,,,,1,,HICP - Overall index,"Denmark - HICP - Overall index, Annual rate of change, Eurostat, Neither seasonally nor working day adjusted",PCCH,0
ICP.M.DK.N.000000.4.ANR,M,DK,N,000000,4,ANR,2013-02,1.1,A,F,,,P1M,,A,,,,ICPT.M.VAL.HICP.RCH_A.DK.00.M,,,,,,,1,,HICP - Overall index,"Denmark - HICP - Overall index, Annual rate of change, Eurostat, Neither seasonally nor working day adjusted",PCCH,0
ICP.M.DK.N.000000.4.ANR,M,DK,N,000000,4,ANR,2013-03,0.7,A,F,,,P1M,,A,,,,ICPT.M.VAL.HICP.RCH_A.DK.00.M,,,,,,,1,,HICP - Overall index,"Denmark - HICP - Overall index, Annual rate of change, Eurostat, Neither seasonally nor working day adjusted",PCCH,0
ICP.M.DK.N.000000.4.ANR,M,DK,N,000000,4,ANR,2013-04,0.5,A,F,,,P1M,,A,,,,ICPT.M.VAL.HICP.RCH_A.DK.00.M,,,,,,,1,,HICP - Overall index,"Denmark - HICP - Overall index, Annual rate of change, Eurostat, Neither seasonally nor working day adjusted",PCCH,0
ICP.M.DK.N.000000.4.ANR,M,DK,N,000000,4,ANR,2013-05,0.7,A,F,,,P1M,,A,,,,ICPT.M.VAL.HICP.RCH_A.DK.00.M,,,,,,,1,,HICP - Overall index,"Denmark - HICP - Overall index, Annual rate of change, Eurostat, Neither seasonally nor working day adjusted",PCCH,0
ICP.M.DK.N.000000.4.ANR,M,DK,N,000000,4,ANR,2013-06,0.6,A,F,,,P1M,,A,,,,ICPT.M.VAL.HICP.RCH_A.DK.00.M,,,,,,,1,,HICP - Overall index,"Denmark - HICP - Overall index, Annual rate of change, Eurostat, Neither seasonally nor working day adjusted",PCCH,0
ICP.M.DK.N.000000.4.ANR,M,DK,N,000000,4,ANR,2013-07,0.4,A,F,,,P1M,,A,,,,ICPT.M.VAL.HICP.RCH_A.DK.00.M,,,,,,,1,,HICP - Overall index,"Denmark - HICP - Overall index, Annual rate of change, Eurostat, Neither seasonally nor working day adjusted",PCCH,0
ICP.M.DK.N.000000.4.ANR,M,DK,N,000000,4,ANR,2013-08,0.1,A,F,,,P1M,,A,,,,ICPT.M.VAL.HICP.RCH_A.DK.00.M,,,,,,,1,,HICP - Overall index,"Denmark - HICP - Overall index, Annual rate of change, Eurostat, Neither seasonally nor working day adjusted",PCCH,0
ICP.M.DK.N.000000.4.ANR,M,DK,N,000000,4,ANR,2013-09,0.1,A,F,,,P1M,,A,,,,ICPT.M.VAL.HICP.RCH_A.DK.00.M,,,,,,,1,,HICP - Overall index,"Denmark - HICP - Overall index, Annual rate of change, Eurostat, Neither seasonally nor working day adjusted",PCCH,0
ICP.M.DK.N.000000.4.ANR,M,DK,N,000000,4,ANR,2013-10,0.4,A,F,,,P1M,,A,,,,ICPT.M.VAL.HICP.RCH_A.DK.00.M,,,,,,,1,,HICP - Overall index,"Denmark - HICP - Overall index, Annual rate of change, Eurostat, Neither seasonally nor working day adjusted",PCCH,0
ICP.M.DK.N.000000.4.ANR,M,DK,N,000000,4,ANR,2013-11,0.2,A,F,,,P1M,,A,,,,ICPT.M.VAL.HICP.RCH_A.DK.00.M,,,,,,,1,,HICP - Overall index,"Denmark - HICP - Overall index, Annual rate of change, Eurostat, Neither seasonally nor working day adjusted",PCCH,0
ICP.M.DK.N.000000.4.ANR,M,DK,N,000000,4,ANR,2013-12,0.5,A,F,,,P1M,,A,,,,ICPT.M.VAL.HICP.RCH_A.DK.00.M,,,,,,,1,,HICP - Overall index,"Denmark - HICP - Overall index, Annual rate of change, Eurostat, Neither seasonally nor working day adjusted",PCCH,0
ICP.M.DK.N.000000.4.ANR,M,DK,N,000000,4,ANR,2014-01,0.8,A,F,,,P1M,,A,,,,ICPT.M.VAL.HICP.RCH_A.DK.00.M,,,,,,,1,,HICP - Overall index,"Denmark - HICP - Overall index, Annual rate of change, Eurostat, Neither seasonally nor working day adjusted",PCCH,0
ICP.M.DK.N.000000.4.ANR,M,DK,N,000000,4,ANR,2014-02,0.3,A,F,,,P1M,,A,,,,ICPT.M.VAL.HICP.RCH_A.DK.00.M,,,,,,,1,,HICP - Overall index,"Denmark - HICP - Overall index, Annual rate of change, Eurostat, Neither seasonally nor working day adjusted",PCCH,0
ICP.M.DK.N.000000.4.ANR,M,DK,N,000000,4,ANR,2014-03,0.2,A,F,,,P1M,,A,,,,ICPT.M.VAL.HICP.RCH_A.DK.00.M,,,,,,,1,,HICP - Overall index,"Denmark - HICP - Overall index, Annual rate of change, Eurostat, Neither seasonally nor working day adjusted",PCCH,0
ICP.M.DK.N.000000.4.ANR,M,DK,N,000000,4,ANR,2014-04,0.5,A,F,,,P1M,,A,,,,ICPT.M.VAL.HICP.RCH_A.DK.00.M,,,,,,,1,,HICP - Overall index,"Denmark - HICP - Overall index, Annual rate of change, Eurostat, Neither seasonally nor working day adjusted",PCCH,0
ICP.M.DK.N.000000.4.ANR,M,DK,N,000000,4,ANR,2014-05,0.3,A,F,,,P1M,,A,,,,ICPT.M.VAL.HICP.RCH_A.DK.00.M,,,,,,,1,,HICP - Overall index,"Denmark - HICP - Overall index, Annual rate of change, Eurostat, Neither seasonally nor working day adjusted",PCCH,0
ICP.M.DK.N.000000.4.ANR,M,DK,N,000000,4,ANR,2014-06,0.4,A,F,,,P1M,,A,,,,ICPT.M.VAL.HICP.RCH_A.DK.00.M,,,,,,,1,,HICP - Overall index,"Denmark - HICP - Overall index, Annual rate of change, Eurostat, Neither seasonally nor working day adjusted",PCCH,0
ICP.M.DK.N.000000.4.ANR,M,DK,N,000000,4,ANR,2014-07,0.5,A,F,,,P1M,,A,,,,ICPT.M.VAL.HICP.RCH_A.DK.00.M,,,,,,,1,,HICP - Overall index,"Denmark - HICP - Overall index, Annual rate of change, Eurostat, Neither seasonally nor working day adjusted",PCCH,0
ICP.M.DK.N.000000.4.ANR,M,DK,N,000000,4,ANR,2014-08,0.3,A,F,,,P1M,,A,,,,ICPT.M.VAL.HICP.RCH_A.DK.00.M,,,,,,,1,,HICP - Overall index,"Denmark - HICP - Overall index, Annual rate of change, Eurostat, Neither seasonally nor working day adjusted",PCCH,0
ICP.M.DK.N.000000.4.ANR,M,DK,N,000000,4,ANR,2014-09,0.3,A,F,,,P1M,,A,,,,ICPT.M.VAL.HICP.RCH_A.DK.00.M,,,,,,,1,,HICP - Overall index,"Denmark - HICP - Overall index, Annual rate of change, Eurostat, Neither seasonally nor working day adjusted",PCCH,0
ICP.M.DK.N.000000.4.ANR,M,DK,N,000000,4,ANR,2014-10,0.2,A,F,,,P1M,,A,,,,ICPT.M.VAL.HICP.RCH_A.DK.00.M,,,,,,,1,,HICP - Overall index,"Denmark - HICP - Overall index, Annual rate of change, Eurostat, Neither seasonally nor working day adjusted",PCCH,0
ICP.M.DK.N.000000.4.ANR,M,DK,N,000000,4,ANR,2014-11,0.3,A,F,,,P1M,,A,,,,ICPT.M.VAL.HICP.RCH_A.DK.00.M,,,,,,,1,,HICP - Overall index,"Denmark - HICP - Overall index, Annual rate of change, Eurostat, Neither seasonally nor working day adjusted",PCCH,0
ICP.M.DK.N.000000.4.ANR,M,DK,N,000000,4,ANR,2014-12,0.1,A,F,,,P1M,,A,,,,ICPT.M.VAL.HICP.RCH_A.DK.00.M,,,,,,,1,,HICP - Overall index,"Denmark - HICP - Overall index, Annual rate of change, Eurostat, Neither seasonally nor working day adjusted",PCCH,0
ICP.M.DK.N.000000.4.ANR,M,DK,N,000000,4,ANR,2015-01,-0.3,A,F,,,P1M,,A,,,,ICPT.M.VAL.HICP.RCH_A.DK.00.M,,,,,,,1,,HICP - Overall index,"Denmark - HICP - Overall index, Annual rate of change, Eurostat, Neither seasonally nor working day adjusted",PCCH,0
ICP.M.DK.N.000000.4.ANR,M,DK,N,000000,4,ANR,2015-02,-0.1,A,F,,,P1M,,A,,,,ICPT.M.VAL.HICP.RCH_A.DK.00.M,,,,,,,1,,HICP - Overall index,"Denmark - HICP - Overall index, Annual rate of change, Eurostat, Neither seasonally nor working day adjusted",PCCH,0
ICP.M.DK.N.000000.4.ANR,M,DK,N,000000,4,ANR,2015-03,0.3,A,F,,,P1M,,A,,,,ICPT.M.VAL.HICP.RCH_A.DK.00.M,,,,,,,1,,HICP - Overall index,"Denmark - HICP - Overall index, Annual rate of change, Eurostat, Neither seasonally nor working day adjusted",PCCH,0
ICP.M.DK.N.000000.4.ANR,M,DK,N,000000,4,ANR,2015-04,0.4,A,F,,,P1M,,A,,,,ICPT.M.VAL.HICP.RCH_A.DK.00.M,,,,,,,1,,HICP - Overall index,"Denmark - HICP - Overall index, Annual rate of change, Eurostat, Neither seasonally nor working day adjusted",PCCH,0
ICP.M.DK.N.000000.4.ANR,M,DK,N,000000,4,ANR,2015-05,0.4,A,F,,,P1M,,A,,,,ICPT.M.VAL.HICP.RCH_A.DK.00.M,,,,,,,1,,HICP - Overall index,"Denmark - HICP - Overall index, Annual rate of change, Eurostat, Neither seasonally nor working day adjusted",PCCH,0
ICP.M.DK.N.000000.4.ANR,M,DK,N,000000,4,ANR,2015-06,0.4,A,F,,,P1M,,A,,,,ICPT.M.VAL.HICP.RCH_A.DK.00.M,,,,,,,1,,HICP - Overall index,"Denmark - HICP - Overall index, Annual rate of change, Eurostat, Neither seasonally nor working day adjusted",PCCH,0
ICP.M.DK.N.000000.4.ANR,M,DK,N,000000,4,ANR,2015-07,0.5,A,F,,,P1M,,A,,,,ICPT.M.VAL.HICP.RCH_A.DK.00.M,,,,,,,1,,HICP - Overall index,"Denmark - HICP - Overall index, Annual rate of change, Eurostat, Neither seasonally nor working day adjusted",PCCH,0
ICP.M.DK.N.000000.4.ANR,M,DK,N,000000,4,ANR,2015-08,0.3,A,F,,,P1M,,A,,,,ICPT.M.VAL.HICP.RCH_A.DK.00.M,,,,,,,1,,HICP - Overall index,"Denmark - HICP - Overall index, Annual rate of change, Eurostat, Neither seasonally nor working day adjusted",PCCH,0
ICP.M.DK.N.000000.4.ANR,M,DK,N,000000,4,ANR,2015-09,0.3,A,F,,,P1M,,A,,,,ICPT.M.VAL.HICP.RCH_A.DK.00.M,,,,,,,1,,HICP - Overall index,"Denmark - HICP - Overall index, Annual rate of change, Eurostat, Neither seasonally nor working day adjusted",PCCH,0
ICP.M.DK.N.000000.4.ANR,M,DK,N,000000,4,ANR,2015-10,0.1,A,F,,,P1M,,A,,,,ICPT.M.VAL.HICP.RCH_A.DK.00.M,,,,,,,1,,HICP - Overall index,"Denmark - HICP - Overall index, Annual rate of change, Eurostat, Neither seasonally nor working day adjusted",PCCH,0
ICP.M.DK.N.000000.4.ANR,M,DK,N,000000,4,ANR,2015-11,0.1,A,F,,,P1M,,A,,,,ICPT.M.VAL.HICP.RCH_A.DK.00.M,,,,,,,1,,HICP - Overall index,"Denmark - HICP - Overall index, Annual rate of change, Eurostat, Neither seasonally nor working day adjusted",PCCH,0
ICP.M.DK.N.000000.4.ANR,M,DK,N,000000,4,ANR,2015-12,0.3,A,F,,,P1M,,A,,,,ICPT.M.VAL.HICP.RCH_A.DK.00.M,,,,,,,1,,HICP - Overall index,"Denmark - HICP - Overall index, Annual rate of change, Eurostat, Neither seasonally nor working day adjusted",PCCH,0
ICP.M.DK.N.000000.4.ANR,M,DK,N,000000,4,ANR,2016-01,0.4,A,F,,,P1M,,A,,,,ICPT.M.VAL.HICP.RCH_A.DK.00.M,,,,,,,1,,HICP - Overall index,"Denmark - HICP - Overall index, Annual rate of change, Eurostat, Neither seasonally nor working day adjusted",PCCH,0
ICP.M.DK.N.000000.4.ANR,M,DK,N,000000,4,ANR,2016-02,0.1,A,F,,,P1M,,A,,,,ICPT.M.VAL.HICP.RCH_A.DK.00.M,,,,,,,1,,HICP - Overall index,"Denmark - HICP - Overall index, Annual rate of change, Eurostat, Neither seasonally nor working day adjusted",PCCH,0
ICP.M.DK.N.000000.4.ANR,M,DK,N,000000,4,ANR,2016-03,-0.3,A,F,,,P1M,,A,,,,ICPT.M.VAL.HICP.RCH_A.DK.00.M,,,,,,,1,,HICP - Overall index,"Denmark - HICP - Overall index, Annual rate of change, Eurostat, Neither seasonally nor working day adjusted",PCCH,0
ICP.M.DK.N.000000.4.ANR,M,DK,N,000000,4,ANR,2016-04,-0.3,A,F,,,P1M,,A,,,,ICPT.M.VAL.HICP.RCH_A.DK.00.M,,,,,,,1,,HICP - Overall index,"Denmark - HICP - Overall index, Annual rate of change, Eurostat, Neither seasonally nor working day adjusted",PCCH,0
ICP.M.DK.N.000000.4.ANR,M,DK,N,000000,4,ANR,2016-05,-0.1,A,F,,,P1M,,A,,,,ICPT.M.VAL.HICP.RCH_A.DK.00.M,,,,,,,1,,HICP - Overall index,"Denmark - HICP - Overall index, Annual rate of change, Eurostat, Neither seasonally nor working day adjusted",PCCH,0
ICP.M.DK.N.000000.4.ANR,M,DK,N,000000,4,ANR,2016-06,0.1,A,F,,,P1M,,A,,,,ICPT.M.VAL.HICP.RCH_A.DK.00.M,,,,,,,1,,HICP - Overall index,"Denmark - HICP - Overall index, Annual rate of change, Eurostat, Neither seasonally nor working day adjusted",PCCH,0
ICP.M.DK.N.000000.4.ANR,M,DK,N,000000,4,ANR,2016-07,0.1,A,F,,,P1M,,A,,,,ICPT.M.VAL.HICP.RCH_A.DK.00.M,,,,,,,1,,HICP - Overall index,"Denmark - HICP - Overall index, Annual rate of change, Eurostat, Neither seasonally nor working day adjusted",PCCH,0
ICP.M.DK.N.000000.4.ANR,M,DK,N,000000,4,ANR,2016-08,0,A,F,,,P1M,,A,,,,ICPT.M.VAL.HICP.RCH_A.DK.00.M,,,,,,,1,,HICP - Overall index,"Denmark - HICP - Overall index, Annual rate of change, Eurostat, Neither seasonally nor working day adjusted",PCCH,0
ICP.M.DK.N.000000.4.ANR,M,DK,N,000000,4,ANR,2016-09,-0.3,A,F,,,P1M,,A,,,,ICPT.M.VAL.HICP.RCH_A.DK.00.M,,,,,,,1,,HICP - Overall index,"Denmark - HICP - Overall index, Annual rate of change, Eurostat, Neither seasonally nor working day adjusted",PCCH,0
ICP.M.DK.N.000000.4.ANR,M,DK,N,000000,4,ANR,2016-10,0.1,A,F,,,P1M,,A,,,,ICPT.M.VAL.HICP.RCH_A.DK.00.M,,,,,,,1,,HICP - Overall index,"Denmark - HICP - Overall index, Annual rate of change, Eurostat, Neither seasonally nor working day adjusted",PCCH,0
ICP.M.DK.N.000000.4.ANR,M,DK,N,000000,4,ANR,2016-11,0.1,A,F,,,P1M,,A,,,,ICPT.M.VAL.HICP.RCH_A.DK.00.M,,,,,,,1,,HICP - Overall index,"Denmark - HICP - Overall index, Annual rate of change, Eurostat, Neither seasonally nor working day adjusted",PCCH,0
ICP.M.DK.N.000000.4.ANR,M,DK,N,000000,4,ANR,2016-12,0.3,A,F,,,P1M,,A,,,,ICPT.M.VAL.HICP.RCH_A.DK.00.M,,,,,,,1,,HICP - Overall index,"Denmark - HICP - Overall index, Annual rate of change, Eurostat, Neither seasonally nor working day adjusted",PCCH,0
ICP.M.DK.N.000000.4.ANR,M,DK,N,000000,4,ANR,2017-01,0.7,A,F,,,P1M,,A,,,,ICPT.M.VAL.HICP.RCH_A.DK.00.M,,,,,,,1,,HICP - Overall index,"Denmark - HICP - Overall index, Annual rate of change, Eurostat, Neither seasonally nor working day adjusted",PCCH,0
ICP.M.DK.N.000000.4.ANR,M,DK,N,000000,4,ANR,2017-02,0.9,A,F,,,P1M,,A,,,,ICPT.M.VAL.HICP.RCH_A.DK.00.M,,,,,,,1,,HICP - Overall index,"Denmark - HICP - Overall index, Annual rate of change, Eurostat, Neither seasonally nor working day adjusted",PCCH,0
ICP.M.DK.N.000000.4.ANR,M,DK,N,000000,4,ANR,2017-03,0.9,A,F,,,P1M,,A,,,,ICPT.M.VAL.HICP.RCH_A.DK.00.M,,,,,,,1,,HICP - Overall index,"Denmark - HICP - Overall index, Annual rate of change, Eurostat, Neither seasonally nor working day adjusted",PCCH,0
ICP.M.DK.N.000000.4.ANR,M,DK,N,000000,4,ANR,2017-04,1,A,F,,,P1M,,A,,,,ICPT.M.VAL.HICP.RCH_A.DK.00.M,,,,,,,1,,HICP - Overall index,"Denmark - HICP - Overall index, Annual rate of change, Eurostat, Neither seasonally nor working day adjusted",PCCH,0
ICP.M.DK.N.000000.4.ANR,M,DK,N,000000,4,ANR,2017-05,0.7,A,F,,,P1M,,A,,,,ICPT.M.VAL.HICP.RCH_A.DK.00.M,,,,,,,1,,HICP - Overall index,"Denmark - HICP - Overall index, Annual rate of change, Eurostat, Neither seasonally nor working day adjusted",PCCH,0
ICP.M.DK.N.000000.4.ANR,M,DK,N,000000,4,ANR,2017-06,0.4,A,F,,,P1M,,A,,,,ICPT.M.VAL.HICP.RCH_A.DK.00.M,,,,,,,1,,HICP - Overall index,"Denmark - HICP - Overall index, Annual rate of change, Eurostat, Neither seasonally nor working day adjusted",PCCH,0
ICP.M.DK.N.000000.4.ANR,M,DK,N,000000,4,ANR,2017-07,1.5,A,F,,,P1M,,A,,,,ICPT.M.VAL.HICP.RCH_A.DK.00.M,,,,,,,1,,HICP - Overall index,"Denmark - HICP - Overall index, Annual rate of change, Eurostat, Neither seasonally nor working day adjusted",PCCH,0
ICP.M.DK.N.000000.4.ANR,M,DK,N,000000,4,ANR,2017-08,1.5,A,F,,,P1M,,A,,,,ICPT.M.VAL.HICP.RCH_A.DK.00.M,,,,,,,1,,HICP - Overall index,"Denmark - HICP - Overall index, Annual rate of change, Eurostat, Neither seasonally nor working day adjusted",PCCH,0
ICP.M.DK.N.000000.4.ANR,M,DK,N,000000,4,ANR,2017-09,1.6,A,F,,,P1M,,A,,,,ICPT.M.VAL.HICP.RCH_A.DK.00.M,,,,,,,1,,HICP - Overall index,"Denmark - HICP - Overall index, Annual rate of change, Eurostat, Neither seasonally nor working day adjusted",PCCH,0
ICP.M.DK.N.000000.4.ANR,M,DK,N,000000,4,ANR,2017-10,1.4,A,F,,,P1M,,A,,,,ICPT.M.VAL.HICP.RCH_A.DK.00.M,,,,,,,1,,HICP - Overall index,"Denmark - HICP - Overall index, Annual rate of change, Eurostat, Neither seasonally nor working day adjusted",PCCH,0
ICP.M.DK.N.000000.4.ANR,M,DK,N,000000,4,ANR,2017-11,1.3,A,F,,,P1M,,A,,,,ICPT.M.VAL.HICP.RCH_A.DK.00.M,,,,,,,1,,HICP - Overall index,"Denmark - HICP - Overall index, Annual rate of change, Eurostat, Neither seasonally nor working day adjusted",PCCH,0
ICP.M.DK.N.000000.4.ANR,M,DK,N,000000,4,ANR,2017-12,0.8,A,F,,,P1M,,A,,,,ICPT.M.VAL.HICP.RCH_A.DK.00.M,,,,,,,1,,HICP - Overall index,"Denmark - HICP - Overall index, Annual rate of change, Eurostat, Neither seasonally nor working day adjusted",PCCH,0
ICP.M.DK.N.000000.4.ANR,M,DK,N,000000,4,ANR,2018-01,0.6,A,F,,,P1M,,A,,,,ICPT.M.VAL.HICP.RCH_A.DK.00.M,,,,,,,1,,HICP - Overall index,"Denmark - HICP - Overall index, Annual rate of change, Eurostat, Neither seasonally nor working day adjusted",PCCH,0
ICP.M.DK.N.000000.4.ANR,M,DK,N,000000,4,ANR,2018-02,0.5,A,F,,,P1M,,A,,,,ICPT.M.VAL.HICP.RCH_A.DK.00.M,,,,,,,1,,HICP - Overall index,"Denmark - HICP - Overall index, Annual rate of change, Eurostat, Neither seasonally nor working day adjusted",PCCH,0
ICP.M.DK.N.000000.4.ANR,M,DK,N,000000,4,ANR,2018-03,0.4,A,F,,,P1M,,A,,,,ICPT.M.VAL.HICP.RCH_A.DK.00.M,,,,,,,1,,HICP - Overall index,"Denmark - HICP - Overall index, Annual rate of change, Eurostat, Neither seasonally nor working day adjusted",PCCH,0
ICP.M.DK.N.000000.4.ANR,M,DK,N,000000,4,ANR,2018-04,0.7,A,F,,,P1M,,A,,,,ICPT.M.VAL.HICP.RCH_A.DK.00.M,,,,,,,1,,HICP - Overall index,"Denmark - HICP - Overall index, Annual rate of change, Eurostat, Neither seasonally nor working day adjusted",PCCH,0
ICP.M.DK.N.000000.4.ANR,M,DK,N,000000,4,ANR,2018-05,1,A,F,,,P1M,,A,,,,ICPT.M.VAL.HICP.RCH_A.DK.00.M,,,,,,,1,,HICP - Overall index,"Denmark - HICP - Overall index, Annual rate of change, Eurostat, Neither seasonally nor working day adjusted",PCCH,0
ICP.M.DK.N.000000.4.ANR,M,DK,N,000000,4,ANR,2018-06,1.1,A,F,,,P1M,,A,,,,ICPT.M.VAL.HICP.RCH_A.DK.00.M,,,,,,,1,,HICP - Overall index,"Denmark - HICP - Overall index, Annual rate of change, Eurostat, Neither seasonally nor working day adjusted",PCCH,0
ICP.M.DK.N.000000.4.ANR,M,DK,N,000000,4,ANR,2018-07,0.9,A,F,,,P1M,,A,,,,ICPT.M.VAL.HICP.RCH_A.DK.00.M,,,,,,,1,,HICP - Overall index,"Denmark - HICP - Overall index, Annual rate of change, Eurostat, Neither seasonally nor working day adjusted",PCCH,0
ICP.M.DK.N.000000.4.ANR,M,DK,N,000000,4,ANR,2018-08,0.8,A,F,,,P1M,,A,,,,ICPT.M.VAL.HICP.RCH_A.DK.00.M,,,,,,,1,,HICP - Overall index,"Denmark - HICP - Overall index, Annual rate of change, Eurostat, Neither seasonally nor working day adjusted",PCCH,0
ICP.M.DK.N.000000.4.ANR,M,DK,N,000000,4,ANR,2018-09,0.5,A,F,,,P1M,,A,,,,ICPT.M.VAL.HICP.RCH_A.DK.00.M,,,,,,,1,,HICP - Overall index,"Denmark - HICP - Overall index, Annual rate of change, Eurostat, Neither seasonally nor working day adjusted",PCCH,0
ICP.M.DK.N.000000.4.ANR,M,DK,N,000000,4,ANR,2018-10,0.7,A,F,,,P1M,,A,,,,ICPT.M.VAL.HICP.RCH_A.DK.00.M,,,,,,,1,,HICP - Overall index,"Denmark - HICP - Overall index, Annual rate of change, Eurostat, Neither seasonally nor working day adjusted",PCCH,0
ICP.M.DK.N.000000.4.ANR,M,DK,N,000000,4,ANR,2018-11,0.7,A,F,,,P1M,,A,,,,ICPT.M.VAL.HICP.RCH_A.DK.00.M,,,,,,,1,,HICP - Overall index,"Denmark - HICP - Overall index, Annual rate of change, Eurostat, Neither seasonally nor working day adjusted",PCCH,0
ICP.M.DK.N.000000.4.ANR,M,DK,N,000000,4,ANR,2018-12,0.7,A,F,,,P1M,,A,,,,ICPT.M.VAL.HICP.RCH_A.DK.00.M,,,,,,,1,,HICP - Overall index,"Denmark - HICP - Overall index, Annual rate of change, Eurostat, Neither seasonally nor working day adjusted",PCCH,0
ICP.M.DK.N.000000.4.ANR,M,DK,N,000000,4,ANR,2019-01,1.2,A,F,,,P1M,,A,,,,ICPT.M.VAL.HICP.RCH_A.DK.00.M,,,,,,,1,,HICP - Overall index,"Denmark - HICP - Overall index, Annual rate of change, Eurostat, Neither seasonally nor working day adjusted",PCCH,0
ICP.M.DK.N.000000.4.ANR,M,DK,N,000000,4,ANR,2019-02,1.1,A,F,,,P1M,,A,,,,ICPT.M.VAL.HICP.RCH_A.DK.00.M,,,,,,,1,,HICP - Overall index,"Denmark - HICP - Overall index, Annual rate of change, Eurostat, Neither seasonally nor working day adjusted",PCCH,0
ICP.M.DK.N.000000.4.ANR,M,DK,N,000000,4,ANR,2019-03,1.2,A,F,,,P1M,,A,,,,ICPT.M.VAL.HICP.RCH_A.DK.00.M,,,,,,,1,,HICP - Overall index,"Denmark - HICP - Overall index, Annual rate of change, Eurostat, Neither seasonally nor working day adjusted",PCCH,0
ICP.M.DK.N.000000.4.ANR,M,DK,N,000000,4,ANR,2019-04,0.9,A,F,,,P1M,,A,,,,ICPT.M.VAL.HICP.RCH_A.DK.00.M,,,,,,,1,,HICP - Overall index,"Denmark - HICP - Overall index, Annual rate of change, Eurostat, Neither seasonally nor working day adjusted",PCCH,0
ICP.M.DK.N.000000.4.ANR,M,DK,N,000000,4,ANR,2019-05,0.7,A,F,,,P1M,,A,,,,ICPT.M.VAL.HICP.RCH_A.DK.00.M,,,,,,,1,,HICP - Overall index,"Denmark - HICP - Overall index, Annual rate of change, Eurostat, Neither seasonally nor working day adjusted",PCCH,0
ICP.M.DK.N.000000.4.ANR,M,DK,N,000000,4,ANR,2019-06,0.5,A,F,,,P1M,,A,,,,ICPT.M.VAL.HICP.RCH_A.DK.00.M,,,,,,,1,,HICP - Overall index,"Denmark - HICP - Overall index, Annual rate of change, Eurostat, Neither seasonally nor working day adjusted",PCCH,0
ICP.M.DK.N.000000.4.ANR,M,DK,N,000000,4,ANR,2019-07,0.4,A,F,,,P1M,,A,,,,ICPT.M.VAL.HICP.RCH_A.DK.00.M,,,,,,,1,,HICP - Overall index,"Denmark - HICP - Overall index, Annual rate of change, Eurostat, Neither seasonally nor working day adjusted",PCCH,0
ICP.M.DK.N.000000.4.ANR,M,DK,N,000000,4,ANR,2019-08,0.5,A,F,,,P1M,,A,,,,ICPT.M.VAL.HICP.RCH_A.DK.00.M,,,,,,,1,,HICP - Overall index,"Denmark - HICP - Overall index, Annual rate of change, Eurostat, Neither seasonally nor working day adjusted",PCCH,0
ICP.M.DK.N.000000.4.ANR,M,DK,N,000000,4,ANR,2019-09,0.4,A,F,,,P1M,,A,,,,ICPT.M.VAL.HICP.RCH_A.DK.00.M,,,,,,,1,,HICP - Overall index,"Denmark - HICP - Overall index, Annual rate of change, Eurostat, Neither seasonally nor working day adjusted",PCCH,0
ICP.M.DK.N.000000.4.ANR,M,DK,N,000000,4,ANR,2019-10,0.6,A,F,,,P1M,,A,,,,ICPT.M.VAL.HICP.RCH_A.DK.00.M,,,,,,,1,,HICP - Overall index,"Denmark - HICP - Overall index, Annual rate of change, Eurostat, Neither seasonally nor working day adjusted",PCCH,0
ICP.M.DK.N.000000.4.ANR,M,DK,N,000000,4,ANR,2019-11,0.6,A,F,,,P1M,,A,,,,ICPT.M.VAL.HICP.RCH_A.DK.00.M,,,,,,,1,,HICP - Overall index,"Denmark - HICP - Overall index, Annual rate of change, Eurostat, Neither seasonally nor working day adjusted",PCCH,0
ICP.M.DK.N.000000.4.ANR,M,DK,N,000000,4,ANR,2019-12,0.8,A,F,,,P1M,,A,,,,ICPT.M.VAL.HICP.RCH_A.DK.00.M,,,,,,,1,,HICP - Overall index,"Denmark - HICP - Overall index, Annual rate of change, Eurostat, Neither seasonally nor working day adjusted",PCCH,0
ICP.M.DK.N.000000.4.ANR,M,DK,N,000000,4,ANR,2020-01,0.8,A,F,,,P1M,,A,,,,ICPT.M.VAL.HICP.RCH_A.DK.00.M,,,,,,,1,,HICP - Overall index,"Denmark - HICP - Overall index, Annual rate of change, Eurostat, Neither seasonally nor working day adjusted",PCCH,0
ICP.M.DK.N.000000.4.ANR,M,DK,N,000000,4,ANR,2020-02,0.7,A,F,,,P1M,,A,,,,ICPT.M.VAL.HICP.RCH_A.DK.00.M,,,,,,,1,,HICP - Overall index,"Denmark - HICP - Overall index, Annual rate of change, Eurostat, Neither seasonally nor working day adjusted",PCCH,0
ICP.M.DK.N.000000.4.ANR,M,DK,N,000000,4,ANR,2020-03,0.3,A,F,,,P1M,,A,,,,ICPT.M.VAL.HICP.RCH_A.DK.00.M,,,,,,,1,,HICP - Overall index,"Denmark - HICP - Overall index, Annual rate of change, Eurostat, Neither seasonally nor working day adjusted",PCCH,0
ICP.M.DK.N.000000.4.ANR,M,DK,N,000000,4,ANR,2020-04,-0.1,A,F,,,P1M,,A,,,,ICPT.M.VAL.HICP.RCH_A.DK.00.M,,,,,,,1,,HICP - Overall index,"Denmark - HICP - Overall index, Annual rate of change, Eurostat, Neither seasonally nor working day adjusted",PCCH,0
ICP.M.DK.N.000000.4.ANR,M,DK,N,000000,4,ANR,2020-05,-0.2,A,F,,,P1M,,A,,,,ICPT.M.VAL.HICP.RCH_A.DK.00.M,,,,,,,1,,HICP - Overall index,"Denmark - HICP - Overall index, Annual rate of change, Eurostat, Neither seasonally nor working day adjusted",PCCH,0
ICP.M.DK.N.000000.4.ANR,M,DK,N,000000,4,ANR,2020-06,0.2,A,F,,,P1M,,A,,,,ICPT.M.VAL.HICP.RCH_A.DK.00.M,,,,,,,1,,HICP - Overall index,"Denmark - HICP - Overall index, Annual rate of change, Eurostat, Neither seasonally nor working day adjusted",PCCH,0
ICP.M.DK.N.000000.4.ANR,M,DK,N,000000,4,ANR,2020-07,0.4,A,F,,,P1M,,A,,,,ICPT.M.VAL.HICP.RCH_A.DK.00.M,,,,,,,1,,HICP - Overall index,"Denmark - HICP - Overall index, Annual rate of change, Eurostat, Neither seasonally nor working day adjusted",PCCH,0
ICP.M.DK.N.000000.4.ANR,M,DK,N,000000,4,ANR,2020-08,0.4,A,F,,,P1M,,A,,,,ICPT.M.VAL.HICP.RCH_A.DK.00.M,,,,,,,1,,HICP - Overall index,"Denmark - HICP - Overall index, Annual rate of change, Eurostat, Neither seasonally nor working day adjusted",PCCH,0
ICP.M.DK.N.000000.4.ANR,M,DK,N,000000,4,ANR,2020-09,0.5,A,F,,,P1M,,A,,,,ICPT.M.VAL.HICP.RCH_A.DK.00.M,,,,,,,1,,HICP - Overall index,"Denmark - HICP - Overall index, Annual rate of change, Eurostat, Neither seasonally nor working day adjusted",PCCH,0
ICP.M.DK.N.000000.4.ANR,M,DK,N,000000,4,ANR,2020-10,0.3,A,F,,,P1M,,A,,,,ICPT.M.VAL.HICP.RCH_A.DK.00.M,,,,,,,1,,HICP - Overall index,"Denmark - HICP - Overall index, Annual rate of change, Eurostat, Neither seasonally nor working day adjusted",PCCH,0
ICP.M.DK.N.000000.4.ANR,M,DK,N,000000,4,ANR,2020-11,0.4,A,F,,,P1M,,A,,,,ICPT.M.VAL.HICP.RCH_A.DK.00.M,,,,,,,1,,HICP - Overall index,"Denmark - HICP - Overall index, Annual rate of change, Eurostat, Neither seasonally nor working day adjusted",PCCH,0
ICP.M.DK.N.000000.4.ANR,M,DK,N,000000,4,ANR,2020-12,0.4,A,F,,,P1M,,A,,,,ICPT.M.VAL.HICP.RCH_A.DK.00.M,,,,,,,1,,HICP - Overall index,"Denmark - HICP - Overall index, Annual rate of change, Eurostat, Neither seasonally nor working day adjusted",PCCH,0
ICP.M.DK.N.000000.4.ANR,M,DK,N,000000,4,ANR,2021-01,0.4,A,F,,,P1M,,A,,,,ICPT.M.VAL.HICP.RCH_A.DK.00.M,,,,,,,1,,HICP - Overall index,"Denmark - HICP - Overall index, Annual rate of change, Eurostat, Neither seasonally nor working day adjusted",PCCH,0
ICP.M.DK.N.000000.4.ANR,M,DK,N,000000,4,ANR,2021-02,0.5,A,F,,,P1M,,A,,,,ICPT.M.VAL.HICP.RCH_A.DK.00.M,,,,,,,1,,HICP - Overall index,"Denmark - HICP - Overall index, Annual rate of change, Eurostat, Neither seasonally nor working day adjusted",PCCH,0
ICP.M.DK.N.000000.4.ANR,M,DK,N,000000,4,ANR,2021-03,0.9,A,F,,,P1M,,A,,,,ICPT.M.VAL.HICP.RCH_A.DK.00.M,,,,,,,1,,HICP - Overall index,"Denmark - HICP - Overall index, Annual rate of change, Eurostat, Neither seasonally nor working day adjusted",PCCH,0
ICP.M.DK.N.000000.4.ANR,M,DK,N,000000,4,ANR,2021-04,1.5,A,F,,,P1M,,A,,,,ICPT.M.VAL.HICP.RCH_A.DK.00.M,,,,,,,1,,HICP - Overall index,"Denmark - HICP - Overall index, Annual rate of change, Eurostat, Neither seasonally nor working day adjusted",PCCH,0
ICP.M.DK.N.000000.4.ANR,M,DK,N,000000,4,ANR,2021-05,1.9,A,F,,,P1M,,A,,,,ICPT.M.VAL.HICP.RCH_A.DK.00.M,,,,,,,1,,HICP - Overall index,"Denmark - HICP - Overall index, Annual rate of change, Eurostat, Neither seasonally nor working day adjusted",PCCH,0
ICP.M.DK.N.000000.4.ANR,M,DK,N,000000,4,ANR,2021-06,1.9,A,F,,,P1M,,A,,,,ICPT.M.VAL.HICP.RCH_A.DK.00.M,,,,,,,1,,HICP - Overall index,"Denmark - HICP - Overall index, Annual rate of change, Eurostat, Neither seasonally nor working day adjusted",PCCH,0
ICP.M.DK.N.000000.4.ANR,M,DK,N,000000,4,ANR,2021-07,1.7,A,F,,,P1M,,A,,,,ICPT.M.VAL.HICP.RCH_A.DK.00.M,,,,,,,1,,HICP - Overall index,"Denmark - HICP - Overall index, Annual rate of change, Eurostat, Neither seasonally nor working day adjusted",PCCH,0
ICP.M.DK.N.000000.4.ANR,M,DK,N,000000,4,ANR,2021-08,1.8,A,F,,,P1M,,A,,,,ICPT.M.VAL.HICP.RCH_A.DK.00.M,,,,,,,1,,HICP - Overall index,"Denmark - HICP - Overall index, Annual rate of change, Eurostat, Neither seasonally nor working day adjusted",PCCH,0
ICP.M.DK.N.000000.4.ANR,M,DK,N,000000,4,ANR,2021-09,2.4,A,F,,,P1M,,A,,,,ICPT.M.VAL.HICP.RCH_A.DK.00.M,,,,,,,1,,HICP - Overall index,"Denmark - HICP - Overall index, Annual rate of change, Eurostat, Neither seasonally nor working day adjusted",PCCH,0
ICP.M.DK.N.000000.4.ANR,M,DK,N,000000,4,ANR,2021-10,3.2,A,F,,,P1M,,A,,,,ICPT.M.VAL.HICP.RCH_A.DK.00.M,,,,,,,1,,HICP - Overall index,"Denmark - HICP - Overall index, Annual rate of change, Eurostat, Neither seasonally nor working day adjusted",PCCH,0
ICP.M.DK.N.000000.4.ANR,M,DK,N,000000,4,ANR,2021-11,3.8,A,F,,,P1M,,A,,,,ICPT.M.VAL.HICP.RCH_A.DK.00.M,,,,,,,1,,HICP - Overall index,"Denmark - HICP - Overall index, Annual rate of change, Eurostat, Neither seasonally nor working day adjusted",PCCH,0
ICP.M.DK.N.000000.4.ANR,M,DK,N,000000,4,ANR,2021-12,3.4,A,F,,,P1M,,A,,,,ICPT.M.VAL.HICP.RCH_A.DK.00.M,,,,,,,1,,HICP - Overall index,"Denmark - HICP - Overall index, Annual rate of change, Eurostat, Neither seasonally nor working day adjusted",PCCH,0
ICP.M.DK.N.000000.4.ANR,M,DK,N,000000,4,ANR,2022-01,4.9,A,F,,,P1M,,A,,,,ICPT.M.VAL.HICP.RCH_A.DK.00.M,,,,,,,1,,HICP - Overall index,"Denmark - HICP - Overall index, Annual rate of change, Eurostat, Neither seasonally nor working day adjusted",PCCH,0
ICP.M.DK.N.000000.4.ANR,M,DK,N,000000,4,ANR,2022-02,5.3,A,F,,,P1M,,A,,,,ICPT.M.VAL.HICP.RCH_A.DK.00.M,,,,,,,1,,HICP - Overall index,"Denmark - HICP - Overall index, Annual rate of change, Eurostat, Neither seasonally nor working day adjusted",PCCH,0
ICP.M.DK.N.000000.4.ANR,M,DK,N,000000,4,ANR,2022-03,6,A,F,,,P1M,,A,,,,ICPT.M.VAL.HICP.RCH_A.DK.00.M,,,,,,,1,,HICP - Overall index,"Denmark - HICP - Overall index, Annual rate of change, Eurostat, Neither seasonally nor working day adjusted",PCCH,0
ICP.M.DK.N.000000.4.ANR,M,DK,N,000000,4,ANR,2022-04,7.4,A,F,,,P1M,,A,,,,ICPT.M.VAL.HICP.RCH_A.DK.00.M,,,,,,,1,,HICP - Overall index,"Denmark - HICP - Overall index, Annual rate of change, Eurostat, Neither seasonally nor working day adjusted",PCCH,0
ICP.M.DK.N.000000.4.ANR,M,DK,N,000000,4,ANR,2022-05,8.2,A,F,,,P1M,,A,,,,ICPT.M.VAL.HICP.RCH_A.DK.00.M,,,,,,,1,,HICP - Overall index,"Denmark - HICP - Overall index, Annual rate of change, Eurostat, Neither seasonally nor working day adjusted",PCCH,0
ICP.M.DK.N.000000.4.ANR,M,DK,N,000000,4,ANR,2022-06,9.1,A,F,,,P1M,,A,,,,ICPT.M.VAL.HICP.RCH_A.DK.00.M,,,,,,,1,,HICP - Overall index,"Denmark - HICP - Overall index, Annual rate of change, Eurostat, Neither seasonally nor working day adjusted",PCCH,0
ICP.M.DK.N.000000.4.ANR,M,DK,N,000000,4,ANR,2022-07,9.6,A,F,,,P1M,,A,,,,ICPT.M.VAL.HICP.RCH_A.DK.00.M,,,,,,,1,,HICP - Overall index,"Denmark - HICP - Overall index, Annual rate of change, Eurostat, Neither seasonally nor working day adjusted",PCCH,0
ICP.M.DK.N.000000.4.ANR,M,DK,N,000000,4,ANR,2022-08,9.9,A,F,,,P1M,,A,,,,ICPT.M.VAL.HICP.RCH_A.DK.00.M,,,,,,,1,,HICP - Overall index,"Denmark - HICP - Overall index, Annual rate of change, Eurostat, Neither seasonally nor working day adjusted",PCCH,0
ICP.M.DK.N.000000.4.ANR,M,DK,N,000000,4,ANR,2022-09,11.1,A,F,,,P1M,,A,,,,ICPT.M.VAL.HICP.RCH_A.DK.00.M,,,,,,,1,,HICP - Overall index,"Denmark - HICP - Overall index, Annual rate of change, Eurostat, Neither seasonally nor working day adjusted",PCCH,0
ICP.M.DK.N.000000.4.ANR,M,DK,N,000000,4,ANR,2022-10,11.4,A,F,,,P1M,,A,,,,ICPT.M.VAL.HICP.RCH_A.DK.00.M,,,,,,,1,,HICP - Overall index,"Denmark - HICP - Overall index, Annual rate of change, Eurostat, Neither seasonally nor working day adjusted",PCCH,0
ICP.M.DK.N.000000.4.ANR,M,DK,N,000000,4,ANR,2022-11,9.7,A,F,,,P1M,,A,,,,ICPT.M.VAL.HICP.RCH_A.DK.00.M,,,,,,,1,,HICP - Overall index,"Denmark - HICP - Overall index, Annual rate of change, Eurostat, Neither seasonally nor working day adjusted",PCCH,0
ICP.M.DK.N.000000.4.ANR,M,DK,N,000000,4,ANR,2022-12,9.6,A,F,,,P1M,,A,,,,ICPT.M.VAL.HICP.RCH_A.DK.00.M,,,,,,,1,,HICP - Overall index,"Denmark - HICP - Overall index, Annual rate of change, Eurostat, Neither seasonally nor working day adjusted",PCCH,0
ICP.M.DK.N.000000.4.ANR,M,DK,N,000000,4,ANR,2023-01,8.4,A,F,,,P1M,,A,,,,ICPT.M.VAL.HICP.RCH_A.DK.00.M,,,,,,,1,,HICP - Overall index,"Denmark - HICP - Overall index, Annual rate of change, Eurostat, Neither seasonally nor working day adjusted",PCCH,0
ICP.M.DK.N.000000.4.ANR,M,DK,N,000000,4,ANR,2023-02,8.3,A,F,,,P1M,,A,,,,ICPT.M.VAL.HICP.RCH_A.DK.00.M,,,,,,,1,,HICP - Overall index,"Denmark - HICP - Overall index, Annual rate of change, Eurostat, Neither seasonally nor working day adjusted",PCCH,0
ICP.M.DK.N.000000.4.ANR,M,DK,N,000000,4,ANR,2023-03,7.3,A,F,,,P1M,,A,,,,ICPT.M.VAL.HICP.RCH_A.DK.00.M,,,,,,,1,,HICP - Overall index,"Denmark - HICP - Overall index, Annual rate of change, Eurostat, Neither seasonally nor working day adjusted",PCCH,0
ICP.M.DK.N.000000.4.ANR,M,DK,N,000000,4,ANR,2023-04,5.6,A,F,,,P1M,,A,,,,ICPT.M.VAL.HICP.RCH_A.DK.00.M,,,,,,,1,,HICP - Overall index,"Denmark - HICP - Overall index, Annual rate of change, Eurostat, Neither seasonally nor working day adjusted",PCCH,0
ICP.M.DK.N.000000.4.ANR,M,DK,N,000000,4,ANR,2023-05,2.9,A,F,,,P1M,,A,,,,ICPT.M.VAL.HICP.RCH_A.DK.00.M,,,,,,,1,,HICP - Overall index,"Denmark - HICP - Overall index, Annual rate of change, Eurostat, Neither seasonally nor working day adjusted",PCCH,0
ICP.M.DK.N.000000.4.ANR,M,DK,N,000000,4,ANR,2023-06,2.4,A,F,,,P1M,,A,,,,ICPT.M.VAL.HICP.RCH_A.DK.00.M,,,,,,,1,,HICP - Overall index,"Denmark - HICP - Overall index, Annual rate of change, Eurostat, Neither seasonally nor working day adjusted",PCCH,0
ICP.M.DK.N.000000.4.ANR,M,DK,N,000000,4,ANR,2023-07,3.2,A,F,,,P1M,,A,,,,ICPT.M.VAL.HICP.RCH_A.DK.00.M,,,,,,,1,,HICP - Overall index,"Denmark - HICP - Overall index, Annual rate of change, Eurostat, Neither seasonally nor working day adjusted",PCCH,0
ICP.M.DK.N.000000.4.ANR,M,DK,N,000000,4,ANR,2023-08,2.3,A,F,,,P1M,,A,,,,ICPT.M.VAL.HICP.RCH_A.DK.00.M,,,,,,,1,,HICP - Overall index,"Denmark - HICP - Overall index, Annual rate of change, Eurostat, Neither seasonally nor working day adjusted",PCCH,0
ICP.M.DK.N.000000.4.ANR,M,DK,N,000000,4,ANR,2023-09,0.6,A,F,,,P1M,,A,,,,ICPT.M.VAL.HICP.RCH_A.DK.00.M,,,,,,,1,,HICP - Overall index,"Denmark - HICP - Overall index, Annual rate of change, Eurostat, Neither seasonally nor working day adjusted",PCCH,0
ICP.M.DK.N.000000.4.ANR,M,DK,N,000000,4,ANR,2023-10,-0.4,A,F,,,P1M,,A,,,,ICPT.M.VAL.HICP.RCH_A.DK.00.M,,,,,,,1,,HICP - Overall index,"Denmark - HICP - Overall index, Annual rate of change, Eurostat, Neither seasonally nor working day adjusted",PCCH,0
ICP.M.DK.N.000000.4.ANR,M,DK,N,000000,4,ANR,2023-11,0.3,A,F,,,P1M,,A,,,,ICPT.M.VAL.HICP.RCH_A.DK.00.M,,,,,,,1,,HICP - Overall index,"Denmark - HICP - Overall index, Annual rate of change, Eurostat, Neither seasonally nor working day adjusted",PCCH,0
ICP.M.DK.N.000000.4.ANR,M,DK,N,000000,4,ANR,2023-12,0.4,A,F,,,P1M,,A,,,,ICPT.M.VAL.HICP.RCH_A.DK.00.M,,,,,,,1,,HICP - Overall index,"Denmark - HICP - Overall index, Annual rate of change, Eurostat, Neither seasonally nor working day adjusted",PCCH,0
ICP.M.DK.N.000000.4.ANR,M,DK,N,000000,4,ANR,2024-01,0.9,A,F,,,P1M,,A,,,,ICPT.M.VAL.HICP.RCH_A.DK.00.M,,,,,,,1,,HICP - Overall index,"Denmark - HICP - Overall index, Annual rate of change, Eurostat, Neither seasonally nor working day adjusted",PCCH,0
ICP.M.DK.N.000000.4.ANR,M,DK,N,000000,4,ANR,2024-02,0.6,A,F,,,P1M,,A,,,,ICPT.M.VAL.HICP.RCH_A.DK.00.M,,,,,,,1,,HICP - Overall index,"Denmark - HICP - Overall index, Annual rate of change, Eurostat, Neither seasonally nor working day adjusted",PCCH,0
ICP.M.DK.N.000000.4.ANR,M,DK,N,000000,4,ANR,2024-03,0.8,A,F,,,P1M,,A,,,,ICPT.M.VAL.HICP.RCH_A.DK.00.M,,,,,,,1,,HICP - Overall index,"Denmark - HICP - Overall index, Annual rate of change, Eurostat, Neither seasonally nor working day adjusted",PCCH,0
ICP.M.DK.N.000000.4.ANR,M,DK,N,000000,4,ANR,2024-04,0.5,A,F,,,P1M,,A,,,,ICPT.M.VAL.HICP.RCH_A.DK.00.M,,,,,,,1,,HICP - Overall index,"Denmark - HICP - Overall index, Annual rate of change, Eurostat, Neither seasonally nor working day adjusted",PCCH,0
ICP.M.DK.N.000000.4.ANR,M,DK,N,000000,4,ANR,2024-05,2.1,A,F,,,P1M,,A,,,,ICPT.M.VAL.HICP.RCH_A.DK.00.M,,,,,,,1,,HICP - Overall index,"Denmark - HICP - Overall index, Annual rate of change, Eurostat, Neither seasonally nor working day adjusted",PCCH,0
ICP.M.DK.N.000000.4.ANR,M,DK,N,000000,4,ANR,2024-06,1.8,A,F,,,P1M,,A,,,,ICPT.M.VAL.HICP.RCH_A.DK.00.M,,,,,,,1,,HICP - Overall index,"Denmark - HICP - Overall index, Annual rate of change, Eurostat, Neither seasonally nor working day adjusted",PCCH,0
ICP.M.DK.N.000000.4.ANR,M,DK,N,000000,4,ANR,2024-07,1,A,F,,,P1M,,A,,,,ICPT.M.VAL.HICP.RCH_A.DK.00.M,,,,,,,1,,HICP - Overall index,"Denmark - HICP - Overall index, Annual rate of change, Eurostat, Neither seasonally nor working day adjusted",PCCH,0
ICP.M.DK.N.000000.4.ANR,M,DK,N,000000,4,ANR,2024-08,1.4,A,F,,,P1M,,A,,,,ICPT.M.VAL.HICP.RCH_A.DK.00.M,,,,,,,1,,HICP - Overall index,"Denmark - HICP - Overall index, Annual rate of change, Eurostat, Neither seasonally nor working day adjusted",PCCH,0
ICP.M.DK.N.000000.4.ANR,M,DK,N,000000,4,ANR,2024-09,1.2,A,F,,,P1M,,A,,,,ICPT.M.VAL.HICP.RCH_A.DK.00.M,,,,,,,1,,HICP - Overall index,"Denmark - HICP - Overall index, Annual rate of change, Eurostat, Neither seasonally nor working day adjusted",PCCH,0
ICP.M.DK.N.000000.4.ANR,M,DK,N,000000,4,ANR,2024-10,1.6,A,F,,,P1M,,A,,,,ICPT.M.VAL.HICP.RCH_A.DK.00.M,,,,,,,1,,HICP - Overall index,"Denmark - HICP - Overall index, Annual rate of change, Eurostat, Neither seasonally nor working day adjusted",PCCH,0
ICP.M.DK.N.000000.4.ANR,M,DK,N,000000,4,ANR,2024-11,1.6,A,F,,,P1M,,A,,,,ICPT.M.VAL.HICP.RCH_A.DK.00.M,,,,,,,1,,HICP - Overall index,"Denmark - HICP - Overall index, Annual rate of change, Eurostat, Neither seasonally nor working day adjusted",PCCH,0
ICP.M.DK.N.000000.4.ANR,M,DK,N,000000,4,ANR,2024-12,1.8,A,F,,,P1M,,A,,,,ICPT.M.VAL.HICP.RCH_A.DK.00.M,,,,,,,1,,HICP - Overall index,"Denmark - HICP - Overall index, Annual rate of change, Eurostat, Neither seasonally nor working day adjusted",PCCH,0
ICP.M.DK.N.000000.4.ANR,M,DK,N,000000,4,ANR,2025-01,1.4,A,F,,,P1M,,A,,,,ICPT.M.VAL.HICP.RCH_A.DK.00.M,,,,,,,1,,HICP - Overall index,"Denmark - HICP - Overall index, Annual rate of change, Eurostat, Neither seasonally nor working day adjusted",PCCH,0
ICP.M.DK.N.000000.4.ANR,M,DK,N,000000,4,ANR,2025-02,2,A,F,,,P1M,,A,,,,ICPT.M.VAL.HICP.RCH_A.DK.00.M,,,,,,,1,,HICP - Overall index,"Denmark - HICP - Overall index, Annual rate of change, Eurostat, Neither seasonally nor working day adjusted",PCCH,0
ICP.M.DK.N.000000.4.ANR,M,DK,N,000000,4,ANR,2025-03,1.4,A,F,,,P1M,,A,,,,ICPT.M.VAL.HICP.RCH_A.DK.00.M,,,,,,,1,,HICP - Overall index,"Denmark - HICP - Overall index, Annual rate of change, Eurostat, Neither seasonally nor working day adjusted",PCCH,0
ICP.M.DK.N.000000.4.ANR,M,DK,N,000000,4,ANR,2025-04,1.5,A,F,,,P1M,,A,,,,ICPT.M.VAL.HICP.RCH_A.DK.00.M,,,,,,,1,,HICP - Overall index,"Denmark - HICP - Overall index, Annual rate of change, Eurostat, Neither seasonally nor working day adjusted",PCCH,0
ICP.M.DK.N.000000.4.ANR,M,DK,N,000000,4,ANR,2025-05,1.5,A,F,,,P1M,,A,,,,ICPT.M.VAL.HICP.RCH_A.DK.00.M,,,,,,,1,,HICP - Overall index,"Denmark - HICP - Overall index, Annual rate of change, Eurostat, Neither seasonally nor working day adjusted",PCCH,0
ICP.M.DK.N.000000.4.ANR,M,DK,N,000000,4,ANR,2025-06,1.8,A,F,,,P1M,,A,,,,ICPT.M.VAL.HICP.RCH_A.DK.00.M,,,,,,,1,,HICP - Overall index,"Denmark - HICP - Overall index, Annual rate of change, Eurostat, Neither seasonally nor working day adjusted",PCCH,0
ICP.M.DK.N.000000.4.ANR,M,DK,N,000000,4,ANR,2025-07,2.2,A,F,,,P1M,,A,,,,ICPT.M.VAL.HICP.RCH_A.DK.00.M,,,,,,,1,,HICP - Overall index,"Denmark - HICP - Overall index, Annual rate of change, Eurostat, Neither seasonally nor working day adjusted",PCCH,0
